data;hora;natureza_acidente;situacao;bairro;endereco;numero;detalhe_endereco_acidente;complemento;bairro_cruzamento;num_semaforo;sentido_via;tipo;auto;moto;ciclom;ciclista;pedestre;onibus;caminhao;viatura;outros;vitimas;vitimasfatais;acidente_verificado;tempo_clima;situacao_semaforo;sinalizacao;condicao_via;conservacao_via;ponto_controle;situacao_placa;velocidade_max_via;mao_direcao;divisao_via1;divisao_via2;divisao_via3
2021-02-10;07:31:00;COM VITIMA;FINALIZADA;CASA AMARELA;RUA PAULA BATISTA;205;RUA XAVANTES;ESQUINA CENTRO ESPIRITA MOACIR;CASA AMARELA;;CIDADE;COLISÃO TRANSVERSAL;2;0;0;0;0;0;0;0;0;1;0;Cruzamento;Chuvoso;Não existe;Perfeito estado;Molhada;Perfeito estado;Faixa de retenção;"Placas ""Pare""";30 km/h;Dupla;Faixa seccionada;;
2021-02-10;08:27:00;COM VITIMA;FINALIZADA;SÃO JOSÉ;AV SUL;;;EM FRENTE A CAPITANIA DOS PORTOS;SÃO JOSÉ;;CIDADE;TOMBAMENTO;0;1;0;0;0;0;0;0;0;2;0;Longo da via;Bom;Sem defeito;Perfeito estado;Seca;Perfeito estado;Não existe;R-6a;;Única;Faixa seccionada;;
2021-02-10;08:33:00;COM VITIMA;FINALIZADA;JARDIM SÃO PAULO;RUA LEANDRO BARRETO;116;;EM FRENTE A SERGIO DAS RAÇÕES;JARDIM SÃO PAULO;;CIDADE;COLISÃO TRANSVERSAL;1;1;0;0;0;0;0;0;0;2;0;Longo da via;Bom;Não existe;Incompleta;Seca;Mal conservada;Não existe;R-19;;Dupla;Não existe;;
2021-02-10;10:58:00;SEM ViTIMA;FINALIZADA;IBURA;AV DOIS RIOS;432;;EM FRENTE A  ODONTOMEDIC;IBURA;;SUBURBIO;COLISÃO LATERAL;2;0;0;0;0;0;0;0;0;0;0;Longo da via;Bom;Não existe;Perfeito estado;Seca;Perfeito estado;Não existe;Outras;;Dupla;Faixa contínua;;
2021-02-10;15:12:00;COM VITIMA;CANCELADA;ESTÂNCIA;AV RECIFE;;;EM FRENTE AO ANTIGO MAKRO;ESTÂNCIA;;;COLISÃO;0;2;0;0;0;0;0;0;0;2;0;;;;;;;;;;;;;
2021-02-11;07:52:00;COM VITIMA;FINALIZADA;VÁRZEA;AV AFONSO OLINDENSE;730;;EM FRENTE AO EDF. PRAÇA DAS ARAUCARIAS;VÁRZEA;;VÁRZEA;COLISÃO LATERAL;1;1;0;0;0;0;0;0;0;1;0;Longo da via;Bom;Não existe;Perfeito estado;Seca;Perfeito estado;Outros;Outras;30 km/h;Dupla;Faixa contínua;;
2021-02-11;08:12:00;COM VITIMA;FINALIZADA;IPUTINGA;RUA SAO MATEUS;345;;EM   FRENTE  A  IGREJA  UNIVERSAL. AO LADO DO ARMARINHO ADONAI.;IPUTINGA;;CIDADE;COLISÃO COM CICLISTA;0;1;0;1;0;0;0;0;0;1;0;Longo da via;Bom;Não existe;Não existente;Seca;Perfeito estado;Não existe;Não há placas;30 km/h;Dupla;Faixa contínua;;
2021-02-11;13:29:00;COM VITIMA;FINALIZADA;CORDEIRO;AV ENGENHEIRO ABDIAS DE CARVALHO;;;PROXIMO AO SEMÁFORO 058 E AO LADO OPOTO DO CAMARÃO DO LEO/ SENTIDO CIDADE. POSTE Nº B062560;CORDEIRO;;CIDADE;COLISÃO TRASEIRA;1;1;0;0;0;0;0;0;0;1;0;Longo da via;Bom;Sem defeito;Perfeito estado;Seca;Perfeito estado;Faixa de pedestre;R-6a;60 km/h;Única;Faixa seccionada;Canteiro central;
2021-02-11;15:28:00;COM VITIMA;FINALIZADA;PRADO;AV ENGENHEIRO ABDIAS DE CARVALHO;1111;;EM FRENTE A ENGEFRIO / SENTIDO CIDADE;PRADO;;CIDADE;COLISÃO LATERAL;1;1;0;0;0;0;0;0;0;1;0;Longo da via;Bom;Sem defeito;Perfeito estado;Seca;Perfeito estado;Não existe;Não há placas;;Única;Canteiro central;;
2021-02-11;16:46:00;COM VITIMA;FINALIZADA;SANCHO;AV LIBERDADE;1227;;LADO OPOSTO AO CEMITÉRIO PARQUE DAS FLORES.;SANCHO;;CIDADE;COLISÃO COM CICLISTA;1;0;0;1;0;0;0;0;0;1;0;Longo da via;Bom;Não existe;Incompleta;Seca;Perfeito estado;Faixa de pedestre;Não há placas;;Dupla;Faixa contínua;;
2021-02-11;17:43:00;COM VITIMA;FINALIZADA;AFOGADOS;EST DOS REMEDIOS;1700;RUA TABAIARES;EM FRENTE À HYUNDAI PATEO;AFOGADOS;390;CIDADE;COLISÃO TRANSVERSAL;1;1;0;0;0;0;0;0;0;1;0;Longo da via;Bom;Desligado;Perfeito estado;Seca;Perfeito estado;Faixa de retenção;R-6a;60 km/h;Única;Faixa seccionada;;
2021-02-11;20:59:00;COM VITIMA;FINALIZADA;MADALENA;AV VISCONDE DE ALBUQUERQUE;259;;PRÓX AO BOMPREÇO / EM FRENTE AO MUNDO DO CABELOS. EDF. PEDRO RODRIGUES.;MADALENA;;SUBURBIO;COLISÃO TRASEIRA;1;1;0;0;0;0;0;0;0;1;0;Longo da via;Bom;Não existe;Perfeito estado;Seca;Perfeito estado;Não existe;Outras;;Única;Faixa seccionada;;
2021-02-11;20:53:40;COM VITIMA;CANCELADA;VÁRZEA;RUA GASTAO VIDIGAL;;AV JOAQUIM RIBEIRO;PRÓX A UPA DA CAXANGÁ / SEMÁFORO 281;VÁRZEA;;;COLISÃO COM CICLISTA;1;0;0;1;0;0;0;0;0;1;0;;;;;;;;;;;;;
2021-02-11;21:34:40;COM VITIMA;FINALIZADA;BOA VISTA;RUA JOAO LIRA;;RUA DA SAUDADE;PRÓX AO 13 DE MAIO - E/F AO EDF MARAJÓ;BOA VISTA;308;CIDADE;COLISÃO TRANSVERSAL;1;0;0;0;0;0;0;1;0;1;0;Cruzamento;Bom;Sem defeito;Perfeito estado;Seca;Perfeito estado;Faixa de pedestre;R-3;30 km/h;Única;;;
2021-02-12;06:13:00;COM VITIMA;CANCELADA;IMBIRIBEIRA;PRC MINISTRO SALGADO FILHO;;;NO PORTÃO DE ENTRADA DO AEROPORTO;IMBIRIBEIRA;;;ATROPELAMENTO DE PESSOA;0;1;0;0;1;0;0;0;0;2;0;;;;;;;;;;;;;
2021-02-12;07:58:00;COM VITIMA;FINALIZADA;CASA AMARELA;AV NORTE;5246;;AO LADO DA FARMACIA BOM JESUS. LADO OPOSTO À LOTERIA NORTE.;CASA AMARELA;312;SUBURBIO;COLISÃO TRASEIRA;1;1;0;0;0;0;0;0;0;1;0;Longo da via;Bom;Sem defeito;Perfeito estado;Seca;Perfeito estado;Não existe;Não há placas;;Dupla;Canteiro central;;
2021-02-12;12:26:00;COM VITIMA;FINALIZADA;IPSEP;RUA POTENGY;462;;PRÓX AO SUPERMERCADO STYLO. PRAÇA JARDIM AMÉRICA.;IPSEP;;AV. MASC MORAIS;CHOQUE;1;2;0;0;0;0;0;0;0;1;0;Longo da via;Bom;Não existe;Perfeito estado;Seca;Perfeito estado;Não existe;Outras;20 km/h;Única;Não existe;;
2021-02-12;12:59:00;SEM ViTIMA;FINALIZADA;ARRUDA;RUA PETRONILA BOTELHO;79;;POR TRÁS DO ESTÁDIO DO ARRUDA;ARRUDA;;SUBURBIO;COLISÃO LATERAL;0;2;0;0;0;0;0;0;0;0;0;Longo da via;Bom;Não existe;Não existente;Seca;Perfeito estado;Não existe;Não há placas;;Dupla;Não existe;;
2021-02-12;14:36:00;COM VITIMA;FINALIZADA;AFOGADOS;RUA SAO MIGUEL;251;;LADO OPOSTO AO DEPATRI.;AFOGADOS;;CIDADE;COLISÃO TRANSVERSAL;0;1;0;0;0;0;0;1;0;1;0;Longo da via;Bom;Sem defeito;Perfeito estado;Seca;Perfeito estado;Não existe;R-6a;;Dupla;Faixa contínua;;
2021-02-12;16:24:00;SEM ViTIMA;FINALIZADA;MACAXEIRA;AV NORTE;;;ACADEMIA DA SAÚDE, AO LADO DO Nº 7368;MACAXEIRA;;SUBURBIO;CHOQUE;1;0;0;0;0;1;0;0;0;0;0;Longo da via;Bom;Não existe;Perfeito estado;Seca;Perfeito estado;Não existe;R-6a;;Dupla;Canteiro central;;
2021-02-12;19:25:00;COM VITIMA;FINALIZADA;IBURA;AV DOIS RIOS;1081;RUA FERNANDO TOMAZ DA SILVA;PRÓX A FARMÁCIA PAGUE MENOS;IBURA;323;CIDADE;COLISÃO LATERAL;1;2;0;0;0;0;0;0;0;1;0;Longo da via;Bom;Sem defeito;Perfeito estado;Seca;Perfeito estado;Faixa de retenção;;;;;;
2021-02-13;00:16:00;SEM ViTIMA;CANCELADA;BOA VISTA;LGO DA SANTA CRUZ;;;EM FRENTE AO GOVEIA DE BARROS;BOA VISTA;;;COLISÃO;2;0;0;0;0;0;0;0;0;0;0;;;;;;;;;;;;;
2021-02-13;00:26:00;COM VITIMA;FINALIZADA;BOA VISTA;RUA DO RIACHUELO;325;RUA DA AURORA;;BOA VISTA;579;SUBURBIO;COLISÃO TRASEIRA;1;1;0;0;0;0;0;0;0;1;0;Cruzamento;Bom;Sem defeito;Perfeito estado;Seca;Perfeito estado;Outros;R-6a;40 km/h;Única;Faixa seccionada;;
2021-02-13;08:28:00;SEM ViTIMA;FINALIZADA;PAISSANDU;AV GOVERNADOR AGAMENON MAGALHAES;;;E/F AO HOSPITAL PORTUGUÊS;PAISSANDU;;;CHOQUE;0;0;0;0;0;0;0;1;0;0;0;;;;;;;;;;;;;
2021-02-14;07:57:00;COM VITIMA;FINALIZADA;ILHA JOANA BEZERRA;VDO PAPA JOAO PAULO II;;;PRÓXIMO A PASSARELA. LADO OPOSTO AO FORUM RODOLFO AURELIANO.;ILHA JOANA BEZERRA;;SUBURBIO;TOMBAMENTO;0;1;0;0;0;0;0;0;0;1;0;Viaduto;Chuvoso;Não existe;Perfeito estado;Molhada;;Outros;R-19;60 km/h;Dupla;Canteiro central;;
2021-02-14;10:17:00;COM VITIMA;FINALIZADA;MUSTARDINHA;RUA VINTE E UM DE ABRIL;2160;;TEERMINAL DE MUSTARDINHA;MUSTARDINHA;;AFOGADOS;COLISÃO FRONTAL;0;1;0;0;0;1;0;0;0;2;0;Longo da via;Bom;Sem defeito;;Seca;Perfeito estado;;;;;;;
2021-02-15;09:08:00;COM VITIMA;FINALIZADA;SANTO AMARO;RUA COELHO LEITE;;RUA DA SAUDADE;;SANTO AMARO;;SUBURBIO;COLISÃO;1;1;0;0;0;0;0;0;0;1;0;Longo da via;Bom;Não existe;Perfeito estado;Seca;Perfeito estado;;"Placas ""Pare""";;Dupla;Faixa contínua;;
2021-02-15;11:53:00;SEM ViTIMA;FINALIZADA;TEJIPIÓ;RUA FALCAO DE LACERDA;236;;PRÓXIMO A ESTAÇÃO DE METRÔ TEJIPIÓ;TEJIPIÓ;;SUBURBIO;COLISÃO LATERAL;0;1;0;0;0;0;0;1;0;0;0;Longo da via;Chuvoso;Não existe;Perfeito estado;Molhada;Perfeito estado;Não existe;Não há placas;;Dupla;Faixa contínua;;
2021-02-15;15:50:00;SEM ViTIMA;FINALIZADA;BOA VIAGEM;RUA DEZ DE JULHO;;RUA CAMBOIM;;BOA VIAGEM;;SUBURBIO;COLISÃO TRANSVERSAL;2;0;0;0;0;0;0;0;0;0;0;Cruzamento;Bom;Não existe;Perfeito estado;Seca;Perfeito estado;Não existe;"Placas ""Pare""";;Única;Não existe;;
2021-02-16;08:01:00;COM VITIMA;FINALIZADA;BOA VIAGEM;AV ENGENHEIRO DOMINGOS FERREIRA;2600;RUA PROFESSOR JOSE BRANDAO;;BOA VIAGEM;550;SUBURBIO;ATROPELAMENTO DE PESSOA;1;0;0;0;1;0;0;0;0;1;0;Longo da via;Bom;Sem defeito;Perfeito estado;Seca;Perfeito estado;Agente;;60 km/h;Única;Faixa contínua;;
2021-02-16;09:36:00;COM VITIMA;FINALIZADA;BOA VISTA;RUA DO RIACHUELO;;RUA DO HOSPICIO;;BOA VISTA;92;CIDADE;COLISÃO TRASEIRA;0;2;0;0;0;0;0;0;0;2;0;Cruzamento;Bom;Sem defeito;Perfeito estado;Seca;Perfeito estado;Faixa de pedestre;Outras;;Única;Não existe;;
2021-02-16;12:33:00;COM VITIMA;FINALIZADA;TORRE;RUA SOUZA BANDEIRA;;RUA MARQUES DE MARICA;;TORRE;;;COLISÃO FRONTAL;1;1;0;0;0;0;0;0;0;1;0;Cruzamento;Bom;Sem defeito;Perfeito estado;Seca;Perfeito estado;Faixa de retenção;;;Única;;;
2021-02-16;15:00:00;COM VITIMA;FINALIZADA;DERBY;AV GOVERNADOR AGAMENON MAGALHAES;138;;"ODONTO CAP; EM FRENTE À FACCEIMAGEM";DERBY;417;SUBURBIO;COLISÃO LATERAL;1;1;0;0;0;0;0;0;0;1;0;Longo da via;Bom;Não existe;Perfeito estado;Seca;Perfeito estado;Não existe;Não há placas;;Única;Faixa seccionada;;
2021-02-16;16:06:00;SEM ViTIMA;FINALIZADA;MUSTARDINHA;AV MANOEL GONCALVES DA LUZ;70;;AO LADO DO POSTO TOTAL;MUSTARDINHA;;;COLISÃO;1;1;0;0;0;0;0;0;0;0;0;;;;;;;;;;;;;
2021-02-16;17:27:00;COM VITIMA;FINALIZADA;CAXANGÁ;AV JOAQUIM RIBEIRO;487;RUA BELMIRO CORREIA;APOS A UPA DA CAXANGA, SENTIDO CAMARAGIBE;CAXANGÁ;;SUBURBIO;COLISÃO LATERAL;1;2;0;0;0;0;0;0;0;3;0;Esquina;Bom;Não existe;Perfeito estado;Seca;Perfeito estado;Não existe;Outras;;Dupla;Canteiro central;;
2021-02-16;18:49:00;SEM ViTIMA;FINALIZADA;ALTO SANTA TERESINHA;AV ANIBAL BENEVOLO;1014;;BIFURCAÇÃO COM A R. DOS ALTOS COQUEIROS;ALTO SANTA TERESINHA;;;COLISÃO LATERAL;2;0;0;0;0;0;0;0;0;0;0;;Bom;Não existe;;Seca;Mal iluminada;Não existe;Não há placas;;Dupla;;;
2021-02-17;04:11:00;SEM ViTIMA;CANCELADA;SAN MARTIN;RUA VINTE E UM DE ABRIL;;;PRÓXIMO A EMPREL, NO FINAL DA R. 21 DE ABRIL SENT. ABDIAS;SAN MARTIN;;;COLISÃO;2;0;0;0;0;0;0;0;0;0;0;;;;;;;;;;;;;
2021-02-17;07:40:00;COM VITIMA;FINALIZADA;JARDIM SÃO PAULO;AV RECIFE;5635;AV JOAO CABRAL DE MELO NETO;NA  ENTRADA  DE  JARDIM  SÃO  PAULO     EM  FRENTE  A EMPRESA  SERP;JARDIM SÃO PAULO;259;SUBURBIO;COLISÃO LATERAL;0;1;0;0;0;0;1;0;0;1;0;Longo da via;Bom;Sem defeito;Perfeito estado;Seca;Perfeito estado;Faixa de pedestre;Não há placas;60 km/h;Dupla;Canteiro central;;
2021-02-17;07:46:00;COM VITIMA;FINALIZADA;CAXANGÁ;AV MAURICIO DE NASSAU;268;RUA ENGENHEIRO MOACYR PARAHYBA;PROX. AO  ALTINO VENTURA;CAXANGÁ;;;COLISÃO TRANSVERSAL;1;1;0;0;0;0;0;0;0;1;0;Cruzamento;Bom;Não existe;Não existente;Seca;Perfeito estado;Não existe;Não há placas;;Dupla;Faixa contínua;;
2021-02-17;12:36:00;COM VITIMA;FINALIZADA;BOA VIAGEM;RUA CORONEL SERGIO HENRIQUE CARDIM;;AV CONSELHEIRO AGUIAR;E/F AOS CORREIOS;BOA VIAGEM;318;CIDADE;ATROPELAMENTO DE PESSOA;0;1;0;0;1;0;0;0;0;1;0;Cruzamento;Bom;Sem defeito;Perfeito estado;Seca;Perfeito estado;Faixa de pedestre;"Placas ""Pare""";60 km/h;Única;;;
2021-02-18;10:10:00;SEM ViTIMA;FINALIZADA;MACAXEIRA;RUA LUIS JOSE DA CUNHA;128;;;MACAXEIRA;;SUBURBIO;CHOQUE;0;0;0;0;0;0;0;1;0;0;0;Longo da via;Bom;Não existe;Não existente;Seca;Mal conservada;Não existe;Não há placas;;Única;Não existe;;
2021-02-18;12:20:00;COM VITIMA;FINALIZADA;CASA AMARELA;RUA DA HARMONIA;584;RUA DONA ROSA DA FONSECA;PROX AO ESCOLA VILA SEZAMO;CASA AMARELA;;CIDADE;COLISÃO LATERAL;1;1;0;0;0;0;0;0;0;1;0;Cruzamento;Bom;Não existe;Perfeito estado;Seca;Perfeito estado;Não existe;R-6a;;Dupla;Faixa seccionada;;
2021-02-18;14:11:00;COM VITIMA;FINALIZADA;IBURA;AV PRESIDENTE DUTRA;1405;;"PRÓX AO SAL E BRASA E POSTO IPIRANGA; ANTES DO SEMÁFORO";IBURA;393;BOA VIAGEM;COLISÃO LATERAL;1;1;0;0;0;0;0;0;0;1;0;Longo da via;Bom;Sem defeito;Perfeito estado;Seca;Perfeito estado;Faixa de pedestre;Outras;60 km/h;Dupla;Faixa seccionada;Faixa contínua;
2021-02-18;16:19:00;COM VITIMA;FINALIZADA;MADALENA;AV ENGENHEIRO ABDIAS DE CARVALHO;;;EM FRENTE À ESTÁCIO;MADALENA;328;SUBURBIO;COLISÃO TRASEIRA;1;1;0;0;0;0;0;0;0;1;0;Longo da via;Bom;Sem defeito;Perfeito estado;Seca;Perfeito estado;;Não há placas;60 km/h;Dupla;Canteiro central;;
2021-02-18;17:29:00;COM VITIMA;FINALIZADA;PRADO;AV ENGENHEIRO ABDIAS DE CARVALHO;1723;;PROX A ZERO GRAU;PRADO;;CIDADE;TOMBAMENTO;0;1;0;0;0;0;0;0;0;1;0;Longo da via;Bom;Não existe;Perfeito estado;Seca;Perfeito estado;Não existe;Não há placas;;Dupla;Canteiro central;;
2021-02-18;18:28:00;COM VITIMA;FINALIZADA;CORDEIRO;AV GENERAL SAN MARTIN;;RUA GOMES TABORDA;"EM FRENTE AO ATACAREJO IDEAL; POSTO PETRONAC/ OPOSTO Á DROGASIL";CORDEIRO;67;CIDADE;COLISÃO TRANSVERSAL;0;2;0;0;0;0;0;0;0;1;0;Longo da via;Bom;Sem defeito;Perfeito estado;Seca;Perfeito estado;Faixa de pedestre;R-6a;40 km/h;Dupla;Faixa contínua;;
2021-02-19;08:34:00;COM VITIMA;CANCELADA;IPSEP;RUA PINTOR LULA CARDOSO AYRES;;;E/F FATO COMERCIO;IPSEP;;;COLISÃO;1;1;0;0;0;0;0;0;0;1;0;;;;;;;;;;;;;
2021-02-19;08:51:00;COM VITIMA;FINALIZADA;IPSEP;RUA ITACARI;120;RUA IZABEL DE SOUZA;PROX. AO BANCO ITAU;IPSEP;;SUBURBIO;COLISÃO TRANSVERSAL;1;1;0;0;0;0;0;0;0;1;0;Cruzamento;Bom;Não existe;Perfeito estado;Seca;Perfeito estado;Faixa de retenção;"Placas ""Pare""";30 km/h;Única;;;
2021-02-19;18:58:00;COM VITIMA;FINALIZADA;CORDEIRO;RUA GOMES TABORDA;1452;;SEMÁFORO 067 / PRÓX AO ATACAREJO IDEAL;CORDEIRO;;SUBURBIO;COLISÃO LATERAL;2;0;0;0;0;0;0;0;0;1;0;Longo da via;Bom;Sem defeito;Perfeito estado;Seca;Perfeito estado;;R-6a;30 km/h;Dupla;Faixa seccionada;;
2021-02-19;19:25:00;COM VITIMA;FINALIZADA;SANTO AMARO;RUA CAPITAO LIMA;158;RUA DA FUNDICAO;TV GLOBO (AO LADO DA ANTENA);SANTO AMARO;;PRC TREZE DE MAIO;COLISÃO COM CICLISTA;1;0;0;1;0;0;0;0;0;2;0;Cruzamento;Bom;Não existe;Perfeito estado;Seca;Perfeito estado;Faixa de pedestre;"Placas ""Pare""";;Dupla;Faixa contínua;;
2021-02-19;19:53:00;COM VITIMA;FINALIZADA;MADALENA;RUA PROFESSOR JOSE TORRES PIRES;165;AV BEIRA RIO;EDIF. QUINTA BEIRA RIO;MADALENA;;TORRE;COLISÃO LATERAL;1;1;0;0;0;0;0;0;0;2;0;Longo da via;Bom;Não existe;Perfeito estado;Seca;Perfeito estado;Não existe;Não há placas;;Única;Faixa seccionada;;
2021-02-20;10:22:00;SEM ViTIMA;FINALIZADA;JORDÃO;RUA ESCOLA DE SAGRES;;;EM FRENTE A IGREJA UNIVERSAL /   E A SECRETARIA DE DEFESA SOCIAL;JORDÃO;;;COLISÃO;2;0;0;0;0;0;0;0;0;0;0;;;;;;;;;;;;;
2021-02-20;11:50:00;COM VITIMA;FINALIZADA;IPUTINGA;AV MAURICIO DE NASSAU;193A;;LOGO APOS O PARQUE MUNICIPAL CAIARA;IPUTINGA;;CIDADE;COLISÃO TRANSVERSAL;1;1;0;0;0;0;0;0;0;1;0;Longo da via;Bom;Não existe;Não existente;Seca;Perfeito estado;Não existe;Não há placas;40 km/h;Dupla;Faixa contínua;;
2021-02-20;14:00:00;COM VITIMA;FINALIZADA;IMBIRIBEIRA;AV MARECHAL MASCARENHAS DE MORAES;3421;;AO LADO DA FACULDADE UNIVERSO. EM FRENTE A CONCESSIONÁRIA LAND ROVER.;IMBIRIBEIRA;289;CIDADE;COLISÃO TRASEIRA;1;1;0;0;0;0;0;0;0;1;0;Longo da via;Bom;Sem defeito;Perfeito estado;Seca;Perfeito estado;Faixa de pedestre;R-6a;60 km/h;Dupla;Faixa seccionada;Canteiro central;
2021-02-20;20:10:00;SEM ViTIMA;CANCELADA;BOA VIAGEM;RUA CAMBOIM;;RUA DEZ DE JULHO;PRÓX A MAISON CRISTAL RECEPÇÕES;BOA VIAGEM;;;COLISÃO;2;0;0;0;0;0;0;0;0;0;0;;;;;;;;;;;;;
2021-02-20;23:24:40;SEM ViTIMA;CANCELADA;ESTÂNCIA;AV DR JOSE RUFINO;514;;PRÓX AO COLÉGIO VISÃO;ESTÂNCIA;;;COLISÃO;9;1;0;0;0;0;0;0;0;0;0;;;;;;;;;;;;;
2021-02-21;06:55:00;COM VITIMA;FINALIZADA;VÁRZEA;RUA ACADEMICO HELIO RAMOS;40;;EM FRENTE A IGREJA ASSEMBLEIA DE DEUS, AO LADO CEMITERIO;VÁRZEA;;;COLISÃO LATERAL;0;1;0;0;0;1;0;0;0;1;0;Longo da via;Bom;Sem defeito;Não existente;Seca;Perfeito estado;Não existe;Não há placas;;Dupla;Faixa seccionada;;
2021-02-21;11:16:00;SEM ViTIMA;FINALIZADA;HIPÓDROMO;RUA PROFESSOR JERONIMO GUEIROS;423;RUA PROFESSOR JOSE CARNEIRO;;HIPÓDROMO;;;COLISÃO TRASEIRA;1;1;0;0;0;0;0;0;0;0;0;Longo da via;Bom;Não existe;Perfeito estado;Seca;Perfeito estado;Não existe;Não há placas;40 km/h;Dupla;Não existe;;
2021-02-21;15:11:00;SEM ViTIMA;FINALIZADA;GUABIRABA;EST DOS MACACOS;4;;SOB O PONTILHÃO;GUABIRABA;;CIDADE;COLISÃO LATERAL;0;1;0;0;0;0;0;1;0;0;0;Longo da via;Bom;Sem defeito;Perfeito estado;Seca;;Não existe;Não há placas;;Dupla;Não existe;;
2021-02-21;16:11:00;COM VITIMA;CANCELADA;IMBIRIBEIRA;RUA ALAMEDA DAS HORTENCIAS;381;;PROXIMO AO COLEGIO MOTIVO;IMBIRIBEIRA;;;COLISÃO;1;1;0;0;0;0;0;0;0;2;0;;;;;;;;;;;;;
2021-02-21;19:40:00;COM VITIMA;FINALIZADA;BREJO DA GUABIRABA;AV VEREADOR OTACILIO AZEVEDO;;RUA SENHOR DO BONFIM;PROX. A GARAGEM DA GLOBO. CRUZAMENTO COM A TRAVESSA DO SENHOR DO BONFIM.;BREJO DA GUABIRABA;;SUBURBIO;COLISÃO TRANSVERSAL;0;2;0;0;0;0;0;0;0;1;0;Longo da via;Bom;Não existe;Perfeito estado;Seca;Perfeito estado;Não existe;Outras;30 km/h;Dupla;Não existe;;
2021-02-21;20:39:40;COM VITIMA;CANCELADA;NOVA DESCOBERTA;RUA CORREGO DA AREIA;447;;ESCOLA MUNICIPAL CASA AMARELA;NOVA DESCOBERTA;;;COLISÃO;1;1;0;0;0;0;0;0;0;1;0;;;;;;;;;;;;;
2021-02-21;21:04:40;SEM ViTIMA;FINALIZADA;PORTO DA MADEIRA;LAD DO SAPOTI;;AV BEBERIBE;PROX. AO BAR DA FAVA;PORTO DA MADEIRA;;;COLISÃO;2;0;0;0;0;0;0;0;0;0;0;;;;;;;;;;;;;
2021-02-22;07:14:00;COM VITIMA;FINALIZADA;BOA VIAGEM;AV CONSELHEIRO AGUIAR;2707;RUA PROFESSOR JOSE BRANDAO;EM FRENTE A CLINICA  ARMINDO MOURA;BOA VIAGEM;549;;COLISÃO TRANSVERSAL;1;1;0;0;0;0;0;0;0;1;0;Longo da via;Bom;Sem defeito;Perfeito estado;Seca;Perfeito estado;Outros;Não há placas;;Única;;;
2021-02-22;07:20:00;COM VITIMA;FINALIZADA;ILHA DO RETIRO;RUA SPORT CLUBE DO RECIFE;;;SOBRE O VIADUTO CHICO SCIENCE;ILHA DO RETIRO;;CIDADE;TOMBAMENTO;0;1;0;0;0;0;0;0;0;1;0;Ponte;Bom;Não existe;Perfeito estado;Seca;Perfeito estado;Não existe;Não há placas;;Dupla;Faixa contínua;;
2021-02-22;08:05:00;COM VITIMA;FINALIZADA;MONTEIRO;AV DEZESSETE DE AGOSTO;2666;;EM FRENTE A PRAÇA DO MONTEIRO E A ESCOLA SIVA JARDIM E CLUBE DEZESSETE.;MONTEIRO;;SUBURBIO;COLISÃO TRASEIRA;1;1;0;0;0;0;0;0;0;1;0;Longo da via;Bom;Sem defeito;Perfeito estado;Seca;Perfeito estado;Faixa de pedestre;R-6a;60 km/h;;Faixa contínua;;
2021-02-22;08:52:00;COM VITIMA;FINALIZADA;ARRUDA;RUA DO TRIUNFO;;RUA BOM CONSELHO;;ARRUDA;;SUBURBIO;COLISÃO LATERAL;1;1;0;0;0;0;0;0;0;2;0;Cruzamento;Bom;Não existe;Não existente;Seca;Perfeito estado;Não existe;Não há placas;;Dupla;Não existe;;
2021-02-22;09:27:00;COM VITIMA;FINALIZADA;TAMARINEIRA;AV NORTE;3850;;100 METROS ANTES DA RUA CÔNEGO BARATA (SENTIDO CENTRO). ATLANTA COLCHÕES.;TAMARINEIRA;62;CIDADE;COLISÃO LATERAL;1;1;0;0;0;0;0;0;0;1;0;Longo da via;Bom;Sem defeito;Perfeito estado;Seca;Perfeito estado;Faixa de pedestre;Outras;;Dupla;Faixa contínua;Faixa seccionada;Canteiro central
2021-02-22;10:27:00;COM VITIMA;FINALIZADA;CAMPINA DO BARRETO;RUA DAS MOCAS;880;RUA DOS PEIXINHOS;PROX A CHURRASCARIA VERONA E CLÁUDIO BAR.;CAMPINA DO BARRETO;;SUBURBIO;COLISÃO TRANSVERSAL;1;0;0;0;0;1;0;0;0;1;0;Cruzamento;Bom;Não existe;Perfeito estado;Seca;Perfeito estado;Faixa de retenção;;30 km/h;Dupla;Faixa seccionada;;
2021-02-22;12:22:00;COM VITIMA;FINALIZADA;AFOGADOS;RUA SAO MIGUEL;;;EM FRENTE AO POSTO DE COMBUSTÍVEIS, DISLUB;AFOGADOS;;SUBURBIO;COLISÃO LATERAL;1;1;0;0;0;0;0;0;0;1;0;Longo da via;Bom;Não existe;Perfeito estado;Seca;Perfeito estado;Faixa de pedestre;Outras;50 km/h;Dupla;Faixa seccionada;;