data;hora;natureza_acidente;situacao;bairro;endereco;numero;detalhe_endereco_acidente;complemento;bairro_cruzamento;num_semaforo;sentido_via;tipo;auto;moto;ciclom;ciclista;pedestre;onibus;caminhao;viatura;outros;vitimas;vitimasfatais;acidente_verificado;tempo_clima;situacao_semaforo;sinalizacao;condicao_via;conservacao_via;ponto_controle;situacao_placa;velocidade_max_via;mao_direcao;divisao_via1;divisao_via2;divisao_via3
2021-03-20;18:17:00;COM VITIMA;FINALIZADA;BOA VIAGEM;AV BOA VIAGEM;3962;RUA RIBEIRO DE BRITO;"PRÓX A MR NORDESTE. EDF. QUEEN MARY""";BOA VIAGEM;;CIDADE;COLISÃO TRASEIRA;1;1;0;0;0;0;0;0;0;1;0;Longo da via;Bom;Não existe;Perfeito estado;Seca;Perfeito estado;Não existe;Outras;;Única;Faixa seccionada;;
2021-03-20;19:00:00;COM VITIMA;CANCELADA;MADALENA;TUNEL DA ABOLICAO;;;DENTRO DO TUNEL DA ABOLIÇÃO;MADALENA;;;COLISÃO LATERAL;1;1;0;0;0;0;0;0;0;1;0;;;;;;;;;;;;;
2021-03-21;19:18:00;SEM ViTIMA;CANCELADA;COHAB;AV SANTA FE;505;;E/F A LANCHONETE MEC BURGUER E LANCHONETE CARIOCA;COHAB;;;CHOQUE;1;0;0;0;0;0;0;0;0;0;0;;;;;;;;;;;;;
2021-03-21;21:39:40;COM VITIMA;CANCELADA;CAXANGÁ;AV CAXANGA;3942;;E/F AO BIG BOMPREÇO, SNT CAMARAGIBE / PRÓX AO BANCO ITAU/BRADESCO;CAXANGÁ;;;COLISÃO LATERAL;0;2;0;0;0;0;0;0;0;2;0;;;;;;;;;;;;;
2021-03-22;07:32:00;COM VITIMA;FINALIZADA;MADALENA;RUA GOMES TABORDA;;RUA DES ADOLFO CIRIACO;AO LADO DO BAILE PERFUMADO. AO LADO DO SINDICOMBUSTÍVEL PERNAMBUCO;MADALENA;;;COLISÃO LATERAL;1;1;0;0;0;0;0;0;0;1;0;Cruzamento;Bom;Não existe;Perfeito estado;Seca;Perfeito estado;Não existe;Não há placas;30 km/h;Dupla;Faixa seccionada;;
2021-03-22;08:49:00;COM VITIMA;FINALIZADA;SANTO AMARO;AV JOAO DE BARROS;2790;AV GOVERNADOR AGAMENON MAGALHAES;EM FRENTE A ESTETICA CLINICAL CENTER;SANTO AMARO;;SUBURBIO;ATROPELAMENTO DE PESSOA;0;0;0;0;1;1;0;0;0;1;0;Longo da via;Bom;Sem defeito;Perfeito estado;Seca;Perfeito estado;Faixa de retenção;"Placas ""Pare""";;Única;Canteiro central;;
2021-03-22;09:30:00;COM VITIMA;FINALIZADA;IBURA;RUA JORNALISTA EDSON REGIS;456;;APOS A  ANTIGA FABRICA DA FREVO. KS PARTICIPAÇÕES.;IBURA;;CIDADE;COLISÃO LATERAL;1;1;0;0;0;0;0;0;0;1;0;Longo da via;Bom;Não existe;Perfeito estado;Seca;Perfeito estado;Não existe;R-6a;;Dupla;Faixa seccionada;;
2021-03-22;10:09:00;SEM ViTIMA;FINALIZADA;ÁGUA FRIA;EST VELHA DE AGUA FRIA;1242;;;ÁGUA FRIA;;SUBURBIO;;1;0;0;0;0;0;0;1;0;0;0;Longo da via;Bom;Não existe;Perfeito estado;Seca;Perfeito estado;Não existe;Outras;30 km/h;Única;Outros;;
2021-03-22;11:32:00;COM VITIMA;FINALIZADA;JORDÃO;AV MARIA IRENE;1542;;EDF JAIME RAMALHO;JORDÃO;;SUBURBIO;COLISÃO TRANSVERSAL;1;1;0;0;0;0;0;0;0;2;0;Cruzamento;Bom;Não existe;Não existente;Seca;Perfeito estado;Não existe;Não há placas;;Dupla;Não existe;;
2021-03-22;13:07:00;SEM ViTIMA;FINALIZADA;MADALENA;AV BEIRA RIO;243;;PRÓX À ILHA DO RETIRO;MADALENA;;;CHOQUE;0;0;0;0;0;0;1;0;0;0;0;;;;;;;;;;;;;
2021-03-22;15:05:00;COM VITIMA;FINALIZADA;HIPÓDROMO;RUA CARLOS FERNANDES;264;RUA FONSECA OLIVEIRA;PROX A DELEGACIA 13° BPM;HIPÓDROMO;;;COLISÃO LATERAL;1;1;0;1;0;0;0;0;0;1;0;Cruzamento;Bom;Não existe;Perfeito estado;Seca;Perfeito estado;Outros;"Placas ""Pare""";;Dupla;Faixa contínua;;
2021-03-22;17:33:00;VITIMA FATAL;FINALIZADA;ARRUDA;RUA DAS MOCAS;827;RUA DA REGENERACAO;CRUZAMENTO DO SEMÁFORO;ARRUDA;472;;COLISÃO TRANSVERSAL;0;2;0;0;0;0;0;0;0;1;1;Cruzamento;Bom;Sem defeito;Perfeito estado;Seca;Perfeito estado;Faixa de pedestre;Outras;;Dupla;Faixa seccionada;;
2021-03-22;18:40:00;COM VITIMA;CANCELADA;CORDEIRO;AV CAXANGA;2379;;EM FRENTE A PADARIA REPUBLICA DO PÃO, EM FRENTE A PIAUTO VEÍCULOS;CORDEIRO;;CIDADE;COLISÃO COM CICLISTA;1;0;0;1;0;0;0;0;0;1;0;;;;;;;;;;;;;
2021-03-22;19:35:00;COM VITIMA;FINALIZADA;PINA;RUA MANOEL DE BRITO;;AV REPUBLICA ARABE UNIDA;NA ENTRADA DO TÚNEL DO SHOPPING RIO MAR;PINA;659;;COLISÃO LATERAL;1;1;0;0;0;0;0;0;0;1;0;Cruzamento;Bom;Sem defeito;Perfeito estado;Seca;Perfeito estado;;R-6a;;Única;Faixa contínua;;
2021-03-23;05:05:00;COM VITIMA;CANCELADA;ESPINHEIRO;RUA DO ESPINHEIRO;;RUA QUARENTA E OITO;NO CRUZAMENTO COM A RUA QUARENTA E OITO;ESPINHEIRO;;;COLISÃO TRANSVERSAL;1;0;0;0;0;1;0;0;0;1;0;;;;;;;;;;;;;
2021-03-23;07:18:00;SEM ViTIMA;FINALIZADA;AFOGADOS;RUA NICOLAU PEREIRA;;;"SOB O PONTILHÃO DO METRÔ "" ESTAÇÃO"" AFOGADOS";AFOGADOS;;SUBURBIO;;0;0;0;0;0;0;1;0;1;0;0;Longo da via;Bom;;Perfeito estado;Seca;Perfeito estado;;R-15;;Única;;;
2021-03-23;07:43:00;COM VITIMA;FINALIZADA;TORRE;AV BEIRA RIO;;RUA CONDE DE IRAJA;;TORRE;630;;QUEDA;0;0;0;1;0;0;0;0;0;1;0;;;;;;;;;;;;;
2021-03-23;16:15:00;COM VITIMA;FINALIZADA;TORRE;RUA SOUZA BANDEIRA;463;RUA DIANOPOLIS;PORTO DE COMBUSTÍVEL BR;TORRE;317;CIDADE;COLISÃO LATERAL;1;1;0;0;0;0;0;0;0;1;0;Longo da via;Bom;Sem defeito;Perfeito estado;Seca;Perfeito estado;Não existe;Não há placas;;Dupla;Faixa contínua;;
2021-03-23;20:19:00;COM VITIMA;FINALIZADA;SANTO AMARO;RUA DOS PALMARES;441;RUA DO POMBAL;E/F AO CENTRO DE SAÚDE WALDEMAR DE OLIVEIRA;SANTO AMARO;;CIDADE;COLISÃO FRONTAL;1;1;0;0;0;0;0;0;0;1;0;Cruzamento;Chuvoso;Não existe;Perfeito estado;Molhada;Perfeito estado;Não existe;Não há placas;50 km/h;Dupla;Canteiro central;;
2021-03-23;20:48:00;COM VITIMA;FINALIZADA;IBURA;AV PRESIDENTE DUTRA;;VIADUTO TANCREDO NEVES;NA ENTRADA QUE DA ACESSO AO  VIADUTO TRANC NEVES, SNT BV / PRÓX AO SAL E BRAZA  / E/F A SUDENE;IBURA;;;COLISÃO LATERAL;1;1;0;0;0;0;0;0;0;1;0;Viaduto;Bom;Não existe;Perfeito estado;Seca;Perfeito estado;Não existe;Não há placas;60 km/h;Dupla;Faixa contínua;Faixa seccionada;Canteiro central
2021-03-23;20:56:00;SEM ViTIMA;FINALIZADA;CABANGA;VIADUTO CAPITAO TEMUDO;;;POR CIMA DO VIADUTO, SNT CENTRO-BV;CABANGA;;;COLISÃO TRASEIRA;2;0;0;0;0;0;0;0;0;0;0;;;;;;;;;;;;;
2021-03-24;08:18:00;COM VITIMA;FINALIZADA;BOA VIAGEM;RUA BALTAZAR PASSOS;;RUA VISCONDE DE JEQUITINHONHA;;BOA VIAGEM;154;SUBURBIO;COLISÃO TRANSVERSAL;1;1;0;0;0;0;0;0;0;1;0;Cruzamento;Chuvoso;Intermitente;Perfeito estado;Molhada;Perfeito estado;Faixa de pedestre;Outras;60 km/h;Única;;;
2021-03-24;09:35:00;SEM ViTIMA;FINALIZADA;BOA VIAGEM;RUA VISCONDE DE JEQUITINHONHA;;RUA PADRE LEANDRO CAMELO;;BOA VIAGEM;;;COLISÃO TRASEIRA;2;0;0;0;0;0;0;1;0;0;0;Longo da via;Chuvoso;Não existe;Incompleta;Molhada;Perfeito estado;Não existe;Não há placas;;Única;Faixa seccionada;;
2021-03-24;11:27:00;COM VITIMA;FINALIZADA;ILHA DO RETIRO;RUA PADRE TEOFILO TWORZ;;RUA COSME VIANA;EM FRENTE A PRAÇA COSME VIANA/LADO OPOSTO A TUPÃ;ILHA DO RETIRO;;CIDADE;COLISÃO TRANSVERSAL;1;1;0;0;0;0;0;0;0;1;0;Cruzamento;Bom;Não existe;Incompleta;Seca;Perfeito estado;Não existe;Outras;40 km/h;Dupla;Canteiro central;;
2021-03-24;11:31:00;COM VITIMA;FINALIZADA;IPSEP;RUA JEAN EMILE FAVRE;744;RUA POTENGI;EM FRENTE AO ESTACIONAMENTO DA FBV;IPSEP;564;SUBURBIO;COLISÃO TRANSVERSAL;1;1;0;0;0;0;0;0;0;1;0;Cruzamento;Chuvoso;Sem defeito;Perfeito estado;Seca;Perfeito estado;Faixa de pedestre;Outras;;Dupla;Faixa contínua;;
2021-03-24;17:21:00;COM VITIMA;FINALIZADA;CASA AMARELA;AV NORTE;5600;;EM FRENTE AO CAPP DA AVENIDA NORTE;CASA AMARELA;676;SUBURBIO;COLISÃO LATERAL;1;1;0;0;0;0;0;0;0;1;0;Longo da via;Chuvoso;Sem defeito;Perfeito estado;Molhada;;Faixa de pedestre;Não há placas;;Dupla;;Canteiro central;
2021-03-25;07:07:00;COM VITIMA;FINALIZADA;CASA AMARELA;RUA PADRE LEMOS;391;AV PEDRO ALLAIN;EM FRENTE AO SUPERMERCADO CANELA;CASA AMARELA;;;COLISÃO LATERAL;0;1;0;0;0;1;0;0;0;1;0;Cruzamento;Bom;Não existe;Perfeito estado;Seca;Perfeito estado;Faixa de pedestre;R-6a;;Dupla;Não existe;;
2021-03-25;14:18:00;COM VITIMA;FINALIZADA;FUNDÃO;RUA DO MACHADO;862;RUA MANOEL SILVA;NA RUA DOS IRRESPONSÁVEIS;FUNDÃO;;SUBURBIO;COLISÃO LATERAL;1;1;0;0;0;0;0;0;0;1;0;Cruzamento;Bom;Não existe;Perfeito estado;Seca;Perfeito estado;Faixa de pedestre;Não há placas;30 km/h;Dupla;Faixa seccionada;;
2021-03-25;15:54:00;COM VITIMA;FINALIZADA;GRAÇAS;RUA QUARENTA E OITO;;RUA CONS PORTELA;FARMACIA PAGUE MENOS;GRAÇAS;11;CIDADE;COLISÃO TRANSVERSAL;1;1;0;0;0;0;0;0;0;2;0;Cruzamento;Bom;Com defeito;Incompleta;Seca;Perfeito estado;Faixa de pedestre;Não há placas;30 km/h;Única;Faixa seccionada;;
2021-03-25;18:12:00;COM VITIMA;FINALIZADA;PINA;AV ANTONIO DE GOES;;;PROXIMO AO JCPM;PINA;;CIDADE;COLISÃO LATERAL;1;1;0;0;0;0;0;0;0;2;0;Longo da via;Bom;Não existe;Perfeito estado;Seca;Perfeito estado;Não existe;Não há placas;60 km/h;Única;Faixa seccionada;Canteiro central;
2021-03-26;09:37:00;SEM ViTIMA;FINALIZADA;SANTO AMARO;RUA DOIS DE JULHO;392;AV CRUZ CABUGA;;SANTO AMARO;;;;1;0;0;0;0;0;0;1;0;0;0;Longo da via;Bom;Não existe;Perfeito estado;Seca;Perfeito estado;Outros;Outras;30 km/h;Dupla;Não existe;;
2021-03-26;11:32:00;COM VITIMA;FINALIZADA;IBURA;RUA RIO XINGU;;AV DOIS RIOS;EM FRENTE AO POSTO BR;IBURA;351;SUBURBIO;COLISÃO TRANSVERSAL;1;1;0;0;0;0;0;0;0;1;0;Cruzamento;Bom;Sem defeito;Perfeito estado;Seca;Perfeito estado;Faixa de pedestre;Não há placas;;Dupla;;;
2021-03-26;11:50:00;COM VITIMA;FINALIZADA;BOA VIAGEM;RUA PROFESSOR JOSE BRANDAO;410;RUA FRANCISCO DA CUNHA;EM FRENTE  AO EMPRESARIAL MASTER;BOA VIAGEM;;SUBURBIO;COLISÃO TRANSVERSAL;2;0;0;0;0;0;0;0;0;1;0;Cruzamento;Bom;Não existe;Perfeito estado;Seca;Perfeito estado;Faixa de retenção;"Placas ""Pare""";;Única;Faixa seccionada;;
2021-03-26;14:57:00;COM VITIMA;FINALIZADA;AFOGADOS;RUA COSME VIANA;245;RUA TRES DE AGOSTO;PRÓX AO HOTEL EROS;AFOGADOS;525;SUBURBIO;COLISÃO TRANSVERSAL;1;1;0;0;0;0;0;0;0;1;0;Cruzamento;Bom;Sem defeito;Perfeito estado;Seca;Perfeito estado;Faixa de pedestre;Outras;40 km/h;Única;Faixa contínua;Faixa seccionada;
2021-03-27;03:20:00;COM VITIMA;FINALIZADA;ESPINHEIRO;AV CONS ROSA E SILVA;767;RUA ANTENOR NAVARRO;EM FRENTE AO PONTO DO AÇAI;ESPINHEIRO;522;SUBURBIO;COLISÃO TRANSVERSAL;1;1;0;0;0;0;0;0;0;1;0;Cruzamento;Bom;Sem defeito;Perfeito estado;Seca;Perfeito estado;Faixa de pedestre;"Placas ""Pare""";40 km/h;Única;Faixa seccionada;;
2021-03-27;15:17:00;COM VITIMA;CANCELADA;JIQUIÁ;AV DR JOSE RUFINO;;RUA MORAIS E SILVA;PROX AO VIADUTO DA AV RECIFE  S/T AFOGADOS;JIQUIÁ;;;COLISÃO FRONTAL;1;1;0;0;0;0;0;0;0;1;0;;;;;;;;;;;;;
2021-03-27;17:00:00;COM VITIMA;FINALIZADA;TEJIPIÓ;AV DR JOSE RUFINO;441;RUA IGUACU;NO SEMAFORO  285 SENTIDO JABOATAO. EM FRENTE A PADARIA PONTO DO TRIGO / FÁBRICA DA PADARIA.;TEJIPIÓ;285;SUBURBIO;COLISÃO COM CICLISTA;1;0;0;1;0;0;0;0;0;1;0;Longo da via;Bom;Sem defeito;Perfeito estado;Seca;Mal iluminada;Faixa de pedestre;Outras;50 km/h;Dupla;Faixa contínua;;
2021-03-27;20:11:00;COM VITIMA;FINALIZADA;CASA AMARELA;EST DAS UBAIAS;20;RUA CONS NABUCO;E/F AO POSTO BR E PRÓX AO BOMPREÇO // SEMÁFORO 655;CASA AMARELA;655;SUBURBIO;COLISÃO TRANSVERSAL;1;1;0;0;0;0;0;0;0;1;0;Cruzamento;Bom;Sem defeito;Perfeito estado;Seca;Perfeito estado;Faixa de pedestre;;;Dupla;Faixa contínua;;
2021-03-27;21:16:40;COM VITIMA;FINALIZADA;CAMPO GRANDE;EST DE BELEM;1217;RUA ODORICO MENDES;ENTRE A EXTRA FARMA E DROGASIL / E/F AO COLÉGIO JESUS CRUCIFICADO;CAMPO GRANDE;26;;COLISÃO TRASEIRA;1;1;0;0;0;0;0;0;0;1;0;Longo da via;Chuvoso;Sem defeito;Perfeito estado;Molhada;Perfeito estado;Faixa de pedestre;;;Dupla;Faixa contínua;;
2021-03-28;06:15:00;COM VITIMA;FINALIZADA;PINA;AVENIDA CELSO FURTADO (VIA MANGUE);;;LADO  OPOSTO AO AERO CLUBE;PINA;;SUBURBIO;CHOQUE;0;1;0;0;0;0;0;0;0;1;0;Longo da via;Bom;Não existe;;;;Não existe;R-6a;;Dupla;;;
2021-03-28;14:41:00;COM VITIMA;FINALIZADA;DERBY;AV GOVERNADOR AGAMENON MAGALHAES;;RUA HENRIQUE DIAS;NO CRUZAMENTO EM BAIXO DO SEMAFORO 068;DERBY;68;BOA VIAGEM;COLISÃO TRANSVERSAL;1;1;0;0;0;0;0;0;0;1;0;Cruzamento;Bom;Sem defeito;Perfeito estado;Seca;Perfeito estado;Faixa de pedestre;Outras;60 km/h;;Faixa contínua;Faixa seccionada;Canteiro central
2021-03-28;15:36:00;COM VITIMA;FINALIZADA;SANTO AMARO;AV GOVERNADOR AGAMENON MAGALHAES;1101;AV JOAO DE BARROS;PRÓX AO POSTO BR - QUITANDARIA (AV. JOAO DE BARROS);SANTO AMARO;;CIDADE;COLISÃO LATERAL;1;1;0;0;0;0;0;0;0;1;0;Esquina;Bom;Não existe;Perfeito estado;Seca;Perfeito estado;Não existe;Outras;;Única;Faixa seccionada;;
2021-03-28;17:22:00;COM VITIMA;FINALIZADA;BOA VIAGEM;AV CONSELHEIRO AGUIAR;4784;RUA RIBEIRO DE BRITO;PXB4D39 X PGW4036;BOA VIAGEM;147;;COLISÃO LATERAL;2;0;0;0;0;0;0;0;0;3;0;Cruzamento;Bom;Sem defeito;Perfeito estado;Seca;Perfeito estado;Faixa de pedestre;Não há placas;;Única;Faixa seccionada;;
2021-03-28;19:43:00;COM VITIMA;FINALIZADA;BONGI;RUA PROFESSOR CELESTIN MALZAC;42;;EM FRENTE A FACULDADE NOVA ROMA;BONGI;;CIDADE;COLISÃO TRANSVERSAL;1;1;0;0;0;0;0;0;0;1;0;Longo da via;Bom;Não existe;Incompleta;Seca;;Não existe;Não há placas;;Dupla;Não existe;;
2021-03-29;09:24:00;COM VITIMA;FINALIZADA;MONTEIRO;RUA DE APIPUCOS;117;RUA DOM MALAN;;MONTEIRO;;SUBURBIO;COLISÃO TRANSVERSAL;1;1;0;0;0;0;0;0;0;1;0;Longo da via;Bom;Não existe;Perfeito estado;Seca;Perfeito estado;Não existe;R-6a;;Dupla;Faixa contínua;;
2021-03-29;09:47:00;COM VITIMA;FINALIZADA;VÁRZEA;RUA ACADEMICO HELIO RAMOS;304;;PROX. A UNIVER. FEDERAL, JUNTO A GRADE;VÁRZEA;;SUBURBIO;COLISÃO TRASEIRA;1;1;0;0;0;0;0;0;0;1;0;Longo da via;Bom;Sem defeito;Perfeito estado;Seca;Perfeito estado;Não existe;Não há placas;30 km/h;;Faixa seccionada;;
2021-03-29;11:55:00;COM VITIMA;FINALIZADA;SANTO AMARO;AV VISCONDE DE SUASSUNA;;RUA DO HOSPICIO;ESQUINA COM O CENTRO CULTURAL ROSSINI ALVES COUTO;SANTO AMARO;32;CIDADE;COLISÃO LATERAL;1;0;1;0;0;0;0;0;0;1;0;Cruzamento;Bom;Sem defeito;Perfeito estado;Seca;Perfeito estado;Faixa de pedestre;Não há placas;40 km/h;Dupla;Não existe;;
2021-03-29;13:33:00;COM VITIMA;CANCELADA;BEBERIBE;AV BEBERIBE;4215;;;BEBERIBE;;;COLISÃO FRONTAL;1;1;0;0;0;0;0;0;0;1;0;;;;;;;;;;;;;
2021-03-29;17:04:00;COM VITIMA;FINALIZADA;CORDEIRO;RUA DR MIGUEL VIEIRA FERREIRA;1625;RUA IPINIRAS;PROX A ANTIGA RUA DA LAMA S/T  SUDENE   NO SEMAFORO 566;CORDEIRO;;SUBURBIO;COLISÃO TRANSVERSAL;1;1;0;0;0;0;0;0;0;1;0;Esquina;Bom;Não existe;Não existente;Seca;Perfeito estado;;;;Dupla;Não existe;;
2021-03-29;19:54:00;COM VITIMA;CANCELADA;ILHA DO LEITE;AV GOVERNADOR AGAMENON MAGALHAES;4575;;E/F AO EMPRESARIAL NASSAU (VIA LOCAL) // SENTIDO OLINDA;ILHA DO LEITE;69;;ENGAVETAMENTO;4;0;0;0;0;0;0;0;0;3;0;;;;;;;;;;;;;
2021-03-29;22:34:40;SEM ViTIMA;FINALIZADA;MADALENA;AV BEIRA RIO;;RUA JOSE OSORIO;COM A RUA JOSÉ OSORIO;MADALENA;327;;COLISÃO TRASEIRA;1;0;0;0;0;0;0;1;0;0;0;;;;;;;;;;;;;
2021-03-30;05:13:00;COM VITIMA;FINALIZADA;IPUTINGA;AV CAXANGA;;RUA MANOEL JOAQUIM DE ALMEIDA;LADO OPOSTO AO BIG BOMPREÇO;IPUTINGA;533;CIDADE;COLISÃO COM CICLISTA;0;1;0;1;0;0;0;0;0;1;0;Cruzamento;Chuvoso;Sem defeito;Perfeito estado;Molhada;Perfeito estado;Faixa de pedestre;Outras;;Única;Outros;;
2021-03-30;08:06:00;COM VITIMA;FINALIZADA;IMBIRIBEIRA;AV MARECHAL MASCARENHAS DE MORAES;;;EM FRENTE A FACULDADE PERNAMBUCANA DE SAUDE;IMBIRIBEIRA;530;CIDADE;COLISÃO TRASEIRA;1;1;0;0;0;0;0;0;0;1;0;Longo da via;Nublado;Sem defeito;Perfeito estado;Molhada;Perfeito estado;Faixa de pedestre;Outras;;Única;Faixa seccionada;Canteiro central;
2021-03-30;12:40:00;COM VITIMA;FINALIZADA;BOA VIAGEM;RUA VISCONDE DE JEQUITINHONHA;1656;;;BOA VIAGEM;158;SUBURBIO;ATROPELAMENTO DE PESSOA;0;1;0;0;1;0;0;0;0;1;0;Longo da via;Bom;Sem defeito;Perfeito estado;Seca;Perfeito estado;Faixa de pedestre;Outras;60 km/h;Única;Faixa seccionada;;
2021-03-30;18:13:00;COM VITIMA;FINALIZADA;IMBIRIBEIRA;AV SUL;;;POR TRÁS DA LOJA GRILHO  / PRÓX  A ESTAÇÃO IMBIRIBEIRA;IMBIRIBEIRA;;SUBURBIO;ATROPELAMENTO DE PESSOA;1;0;0;0;1;0;0;0;0;1;0;Longo da via;Bom;Não existe;Perfeito estado;Seca;Perfeito estado;Não existe;Não há placas;30 km/h;Dupla;Não existe;;
2021-03-31;08:51:00;COM VITIMA;FINALIZADA;CASA AMARELA;RUA CONS NABUCO;151;RUA EVARISTO DA VEIGA;EDIF. SOLAR TRINDADE;CASA AMARELA;285;CIDADE;COLISÃO TRANSVERSAL;1;1;0;0;0;0;0;0;0;2;0;Longo da via;Bom;Sem defeito;Perfeito estado;Seca;Mal iluminada;Faixa de pedestre;Outras;50 km/h;Dupla;Faixa contínua;;
2021-03-31;15:32:00;SEM ViTIMA;FINALIZADA;DERBY;AV GOVERNADOR AGAMENON MAGALHAES;;;SOB O SEMÁFORO Nº 075 / SENTIDO SUL;DERBY;75;CIDADE;;1;1;0;0;0;0;0;0;0;0;0;Cruzamento;Bom;Sem defeito;Perfeito estado;Seca;Perfeito estado;Agente;;60 km/h;Dupla;Canal;;
2021-03-31;16:15:00;COM VITIMA;FINALIZADA;BREJO DA GUABIRABA;AV VEREADOR OTACILIO AZEVEDO;30 B;RUA SENHOR DO BONFIM;E/F A GARAGEM DA GLOBO  S/T  SUB;BREJO DA GUABIRABA;;;COLISÃO LATERAL;1;1;0;0;0;0;0;0;0;2;0;Longo da via;Bom;Não existe;Não existente;Seca;Perfeito estado;Não existe;Não há placas;;Dupla;Não existe;;
2021-03-31;17:05:00;COM VITIMA;FINALIZADA;MADALENA;AV VISCONDE DE ALBUQUERQUE;620;;"PROXIMO A ESQUINA DA RUA DR. ARTHUR GONÇALVES; Hospital D'Ávila";MADALENA;;SUBURBIO;COLISÃO TRASEIRA;1;1;0;0;0;0;0;0;0;1;0;Longo da via;Bom;Não existe;Perfeito estado;Seca;Perfeito estado;Não existe;Não há placas;30 km/h;Única;Faixa seccionada;;
2021-03-31;17:39:00;COM VITIMA;FINALIZADA;PAISSANDU;AV GOVERNADOR AGAMENON MAGALHAES;;RUA GENERAL JOAQUIM INACIO;E/F AO BANCO SAFRA  PROX AO HOSPITAL PORTUGUES;PAISSANDU;69;OLINDA;COLISÃO LATERAL;1;1;0;0;0;0;0;0;0;1;0;Cruzamento;Bom;Sem defeito;Perfeito estado;Seca;Perfeito estado;Agente;R-19;60 km/h;Dupla;Canteiro central;;
2021-03-31;19:57:00;COM VITIMA;FINALIZADA;SAN MARTIN;AV RECIFE;;AV JOAO CABRAL DE MELO NETO;CRUZAMENTO COM  A AV JOÃO CABRAL DE MELO NETO;SAN MARTIN;259;SUBURBIO;COLISÃO TRASEIRA;1;1;0;0;0;0;0;0;0;1;0;Longo da via;Bom;Sem defeito;Perfeito estado;Seca;Perfeito estado;Faixa de pedestre;R-4a;;Dupla;Canteiro central;Blocos;
2021-04-01;00:14:00;COM VITIMA;CANCELADA;IBURA;RUA JORNALISTA EDSON REGIS;;;EM FRENTE A FABRICA DA FREVO REFRIGERANTES;IBURA;;;COLISÃO LATERAL;1;1;0;0;0;0;0;0;0;1;0;;;;;;;;;;;;;
2021-04-01;07:09:00;COM VITIMA;FINALIZADA;IMBIRIBEIRA;AV MARECHAL MASCARENHAS DE MORAES;4900;;EM FRENTE A FACULDADE PERNAMBUCANA DE SAUDE;IMBIRIBEIRA;531;SUBURBIO;COLISÃO TRASEIRA;1;1;0;0;0;0;0;0;0;1;0;Longo da via;Bom;Sem defeito;Perfeito estado;Seca;Perfeito estado;Faixa de pedestre;R-6a;60 km/h;Dupla;Faixa contínua;Faixa seccionada;Canteiro central
2021-04-01;10:58:00;COM VITIMA;FINALIZADA;SANTO ANTÔNIO;AV MARTINS DE BARROS;;RUA SIQUEIRA CAMPOS;;SANTO ANTÔNIO;;;COLISÃO TRASEIRA;1;2;0;0;0;0;0;0;0;1;0;Cruzamento;Bom;Não existe;Perfeito estado;Seca;Perfeito estado;Não existe;Não há placas;40 km/h;Única;Faixa seccionada;;
2021-04-01;19:19:00;COM VITIMA;FINALIZADA;BARRO;AV DR JOSE RUFINO;2342;RUA CAPITAO PONCIANO;PRÓXIMO DA IGREJA DO BARRO;BARRO;;CIDADE;COLISÃO TRASEIRA;1;1;0;0;0;0;0;0;0;1;0;Cruzamento;Bom;Não existe;Incompleta;Seca;Perfeito estado;Não existe;Outras;40 km/h;Dupla;Faixa contínua;;
2021-04-01;19:43:00;SEM ViTIMA;FINALIZADA;SANTO ANTÔNIO;RUA DA CONCORDIA;;PRC SERGIO LORETO;;SANTO ANTÔNIO;408;;CHOQUE;1;0;0;0;0;0;1;0;0;0;0;;;;;;;;;;;;;
2021-04-01;21:22:40;COM VITIMA;FINALIZADA;MADALENA;RUA PESSOA DE MELO;;;PRC EÇA DE QUEIROZ, EM FRENTE AO BEERDOCK;MADALENA;;SUBURBIO;COLISÃO FRONTAL;1;1;0;0;0;0;0;0;0;1;0;Cruzamento;Chuvoso;Não existe;Perfeito estado;Molhada;Perfeito estado;Faixa de pedestre;Não há placas;40 km/h;Única;;;
2021-04-02;09:25:00;SEM ViTIMA;FINALIZADA;CAXANGÁ;AV CAXANGA;;RUA CLAUDIO BROTHERHOOD;;CAXANGÁ;235;;SEMÁFORO;0;0;0;0;0;0;0;0;0;0;0;;;;;;;;;;;;;
2021-04-02;11:03:00;SEM ViTIMA;FINALIZADA;CAXANGÁ;AV CAXANGA;;RUA CLAUDIO BROTHERHOOD;;CAXANGÁ;235;;SEMÁFORO;0;0;0;0;0;0;0;0;0;0;0;;;;;;;;;;;;;
2021-04-02;12:24:00;SEM ViTIMA;FINALIZADA;CORDEIRO;AV CAXANGA;;RUA CLAUDIO BROTHERHOOD;;CORDEIRO;235;;SEMÁFORO;0;0;0;0;0;0;0;0;0;0;0;;;;;;;;;;;;;