data;hora;natureza_acidente;situacao;bairro;endereco;numero;detalhe_endereco_acidente;complemento;bairro_cruzamento;num_semaforo;sentido_via;tipo;auto;moto;ciclom;ciclista;pedestre;onibus;caminhao;viatura;outros;vitimas;vitimasfatais;acidente_verificado;tempo_clima;situacao_semaforo;sinalizacao;condicao_via;conservacao_via;ponto_controle;situacao_placa;velocidade_max_via;mao_direcao;divisao_via1;divisao_via2;divisao_via3
2021-04-26;10:19:00;COM VITIMA;FINALIZADA;IMBIRIBEIRA;AV GENERAL MAC ARTHUR;;RUA JORGE DE LIMA;PROX. DA ESTAÇÃO ANTONIO FALCÃO;IMBIRIBEIRA;402;;COLISÃO COM CICLISTA;1;0;0;1;0;0;0;0;0;1;0;Cruzamento;Bom;Sem defeito;Perfeito estado;Seca;Perfeito estado;Faixa de pedestre;R-6a;;Única;Faixa contínua;Faixa seccionada;
2021-04-26;11:34:00;COM VITIMA;FINALIZADA;IMBIRIBEIRA;AV MARECHAL MASCARENHAS DE MORAES;2100;RUA PAMPULHA;E/F A CONCESSIONÁRIA RENAULT (SENT. AEROPORTO);IMBIRIBEIRA;534;SUBURBIO;COLISÃO LATERAL;1;1;0;0;0;0;0;0;0;1;0;Cruzamento;Bom;Sem defeito;Perfeito estado;Seca;Perfeito estado;Faixa de pedestre;Não há placas;;Dupla;Canteiro central;;
2021-04-26;12:31:00;COM VITIMA;FINALIZADA;CURADO;AV PREFEITO ANTONIO PEREIRA;155;RUA DR GEORGE WILLIAM BUTLER;APOS A COPARC  PROX AO TIP  S/T TIP;CURADO;;;COLISÃO LATERAL;1;1;0;0;0;1;0;0;0;2;0;Cruzamento;Bom;Sem defeito;Perfeito estado;Seca;Perfeito estado;Não existe;Não há placas;;Dupla;Faixa contínua;;
2021-04-26;13:06:00;COM VITIMA;FINALIZADA;BOA VIAGEM;AV BOA VIAGEM;;;SOB SEMAFORO 555;BOA VIAGEM;555;CIDADE;COLISÃO FRONTAL;1;1;0;0;0;0;0;0;0;1;0;Esquina;Bom;Sem defeito;Perfeito estado;Seca;Perfeito estado;Faixa de pedestre;Outras;;Única;Não existe;;
2021-04-26;17:59:00;COM VITIMA;FINALIZADA;ARRUDA;AV PROFESSOR JOSE DOS ANJOS;;AV BEBERIBE;EM FRENTE AO BOMPREÇO DO ARRUDA / SEMÁFORO 131;ARRUDA;131;CIDADE;COLISÃO COM CICLISTA;0;0;0;1;0;0;1;0;0;1;0;Cruzamento;Bom;Sem defeito;Perfeito estado;Seca;Perfeito estado;Outros;Outras;40 km/h;Única;Faixa seccionada;;
2021-04-26;20:22:00;SEM ViTIMA;FINALIZADA;IMBIRIBEIRA;RUA GENERAL GOES MONTEIRO;;RUA ENGENHEIRO JOSE BRANDAO CAVALCANTE;E/F À CONCESSIONÁRIA MEIRA LINS;IMBIRIBEIRA;;;COLISÃO TRANSVERSAL;0;0;0;0;0;0;1;1;0;0;0;Cruzamento;Bom;Não existe;;Seca;Outros;Não existe;"Placas ""Pare""";30km/h;Dupla;Não existe;;
2021-04-27;07:57:00;COM VITIMA;FINALIZADA;MADALENA;RUA REAL DA TORRE;;RUA JOSE OSORIO;CRUZAMENTO;MADALENA;179;SUBURBIO;COLISÃO TRASEIRA;1;1;0;0;0;0;0;0;0;1;0;Cruzamento;Bom;Sem defeito;Perfeito estado;Seca;Perfeito estado;Agente;Não há placas;;Única;Faixa seccionada;;
2021-04-27;08:27:00;COM VITIMA;FINALIZADA;IPSEP;AV RECIFE;3009;RUA ADOLFO FARO;ANTIGO POSTO FEDERAL;IPSEP;;CIDADE;COLISÃO TRASEIRA;0;1;0;0;0;0;1;0;0;1;0;Cruzamento;Bom;Não existe;Perfeito estado;Seca;Perfeito estado;Não existe;Não há placas;;Dupla;Faixa contínua;Faixa seccionada;Canteiro central
2021-04-27;08:55:00;COM VITIMA;FINALIZADA;MADALENA;RUA DEMOCRITO DE SOUZA FILHO;335;;EM FRENTE AO EMPRESARIAL GREEN TOWER;MADALENA;;;COLISÃO COM CICLISTA;1;0;0;1;0;0;0;0;0;1;0;Longo da via;Bom;Não existe;Perfeito estado;Seca;Perfeito estado;Não existe;R-6a;;Única;Não existe;;
2021-04-27;10:41:00;SEM ViTIMA;CANCELADA;BOA VIAGEM;RUA VISCONDE DE JEQUITINHONHA;1360;;EM FRENTE AO EDF TOBAGO;BOA VIAGEM;;;COLISÃO FRONTAL;2;0;0;0;0;0;0;0;0;0;0;;;;;;;;;;;;;
2021-04-27;10:53:00;SEM ViTIMA;FINALIZADA;IMBIRIBEIRA;AV MARECHAL MASCARENHAS DE MORAES;;;;IMBIRIBEIRA;;;COLISÃO LATERAL;0;0;0;0;0;0;0;0;0;0;0;;;;;;;;;;;;;
2021-04-27;13:59:00;SEM ViTIMA;FINALIZADA;MADALENA;AV CAXANGA;;;SOB O TÚNEL DA ABOLIÇÃO;MADALENA;;;COLISÃO LATERAL;1;0;0;0;0;0;0;1;0;0;0;Longo da via;Bom;Sem defeito;Perfeito estado;Seca;Perfeito estado;;Não há placas;;Dupla;Faixa contínua;;
2021-04-27;17:01:00;SEM ViTIMA;FINALIZADA;CABANGA;RUA PADRE CARLOS DE BARROS BARRETO;25;;EM FRENTE A COMPESA DO CABANGA;CABANGA;;;COLISÃO LATERAL;2;0;0;0;0;0;0;0;0;0;0;Longo da via;Bom;Não existe;Não existente;Seca;Perfeito estado;Não existe;Não há placas;40km/h;Dupla;Não existe;;
2021-04-27;19:54:00;COM VITIMA;FINALIZADA;MADALENA;EST DOS REMEDIOS;;AV JOSE GONCALVES DE MEDEIROS;EM FRENTE A POLICLINICA LESSA DE ANDRADE;MADALENA;353;;COLISÃO LATERAL;0;1;0;0;0;0;0;1;0;1;0;Cruzamento;Bom;Sem defeito;Perfeito estado;Seca;Perfeito estado;Faixa de pedestre;;;Única;Não existe;;
2021-04-28;07:23:00;SEM ViTIMA;FINALIZADA;IPUTINGA;AV CAXANGA;;EST DO BARBALHO;;IPUTINGA;533;;SEMÁFORO;0;0;0;0;0;0;0;0;0;0;0;;;;;;;;;;;;;
2021-04-28;09:30:00;COM VITIMA;FINALIZADA;TAMARINEIRA;RUA PADRE ROMA;1;AV CONS ROSA E SILVA;COMEDORIA DA PIZZA;TAMARINEIRA;61;SUBURBIO;COLISÃO TRANSVERSAL;1;1;0;0;0;0;0;0;0;1;0;Longo da via;Chuvoso;Sem defeito;Perfeito estado;Molhada;Perfeito estado;Faixa de pedestre;R-4b;;Dupla;Faixa contínua;Canteiro central;
2021-04-28;14:11:00;SEM ViTIMA;FINALIZADA;TORRÕES;AV ENGENHEIRO ABDIAS DE CARVALHO;;RUA QUINZE DE MARCO;PRAÇA DA CHESF;TORRÕES;422;;SEMÁFORO;0;0;0;0;0;0;0;0;0;0;0;;;;;;;;;;;;;
2021-04-28;15:43:00;SEM ViTIMA;FINALIZADA;IPUTINGA;AV CAXANGA;;EST DO BARBALHO;ESTRADA DO BARBALHO;IPUTINGA;533;;SEMÁFORO;0;0;0;0;0;0;0;0;0;0;0;;;;;;;;;;;;;
2021-04-28;17:51:00;SEM ViTIMA;FINALIZADA;BOA VIAGEM;RUA DES JOAO PAES;232;;;BOA VIAGEM;;;CHOQUE;1;0;0;0;0;0;0;0;0;0;0;;;;;;;;;;;;;
2021-04-28;18:09:00;COM VITIMA;FINALIZADA;CASA FORTE;AV DEZESSETE DE AGOSTO;;RUA PIAUI;SEMÁFORO 251 / PRÓX AO HOSP EMILIO DE MORAES;CASA FORTE;251;CIDADE;COLISÃO LATERAL;1;1;0;0;0;0;0;0;0;1;0;Cruzamento;Bom;Sem defeito;Perfeito estado;Seca;Perfeito estado;Não existe;;;Dupla;Faixa contínua;;
2021-04-28;18:38:00;SEM ViTIMA;FINALIZADA;TORRÕES;AV ENGENHEIRO ABDIAS DE CARVALHO;422;RUA QUINZE DE MARCO;CRUZAMENTO C/A RUA QUINZE DE MARÇO - PRÓXIMO A PRAÇA DA CHESF;TORRÕES;;;SEMÁFORO;0;0;0;0;0;0;0;0;0;0;0;;;;;;;;;;;;;
2021-04-28;19:00:00;COM VITIMA;FINALIZADA;CASA AMARELA;AV NORTE;5359;;ESCOLA SOZEMAR DE MACEDIE LIMA;CASA AMARELA;;CIDADE;COLISÃO FRONTAL;1;1;0;0;0;0;0;0;0;1;0;Longo da via;Bom;Não existe;Ilegível;Seca;Mal conservada;Não existe;;;Única;Não existe;;
2021-04-29;12:55:00;SEM ViTIMA;FINALIZADA;SANTO AMARO;AV CRUZ CABUGA;;;;SANTO AMARO;627;;COLISÃO TRASEIRA;1;1;0;0;0;0;0;0;0;0;0;Longo da via;Bom;Sem defeito;Perfeito estado;Seca;Perfeito estado;Faixa de pedestre;Não há placas;;Dupla;Faixa contínua;;
2021-04-29;13:49:00;SEM ViTIMA;FINALIZADA;IMBIRIBEIRA;RUA SARGENTO SILVINO DE MACEDO;241;;POR TRAS DA ESTAÇAO DO METRO SHOPING;IMBIRIBEIRA;;;COLISÃO FRONTAL;0;0;0;0;0;0;0;0;0;0;0;Cruzamento;Bom;Não existe;Perfeito estado;Seca;Perfeito estado;Não existe;Não há placas;;Dupla;Não existe;;
2021-04-29;14:29:00;SEM ViTIMA;FINALIZADA;ENCRUZILHADA;RUA FERNANDO CESAR;338;;;ENCRUZILHADA;;CIDADE;CAPOTAMENTO;1;0;0;0;0;0;0;0;0;0;0;Longo da via;Bom;Sem defeito;Perfeito estado;Seca;Perfeito estado;Faixa de pedestre;Outras;;Única;Faixa seccionada;;
2021-04-29;19:29:00;COM VITIMA;FINALIZADA;BOA VIAGEM;AV ENGENHEIRO DOMINGOS FERREIRA;2869;;PROXIMO DO BANCO DO NORDESTE, FAIXA DA ESQUERDA;BOA VIAGEM;;SUBURBIO;COLISÃO TRASEIRA;3;1;0;0;0;0;0;0;0;1;0;Longo da via;Bom;Não existe;Perfeito estado;Seca;Perfeito estado;Não existe;Não há placas;;Dupla;Canteiro central;;
2021-04-29;21:27:40;COM VITIMA;FINALIZADA;SÃO JOSÉ;RUA IMPERIAL;222;RUA BOM SUCESSO;EM FRENTE AO NUMERO 222;SÃO JOSÉ;;SUBURBIO;COLISÃO LATERAL;2;0;0;0;0;0;0;0;0;2;0;Cruzamento;Bom;Não existe;Perfeito estado;Seca;Perfeito estado;Não existe;Não há placas;;Única;Faixa seccionada;;
2021-04-30;08:08:00;COM VITIMA;FINALIZADA;CASA AMARELA;RUA CONS NABUCO;325;;PROXIMO A ESCOLA BRINQUEDOS E BRINCADEIRAS;CASA AMARELA;;;COLISÃO FRONTAL;1;1;0;0;0;0;0;0;0;1;0;Longo da via;Chuvoso;Não existe;Perfeito estado;Molhada;Perfeito estado;Não existe;R-6a;;Dupla;Não existe;;
2021-04-30;08:17:00;SEM ViTIMA;FINALIZADA;BOA VISTA;RUA DOM BOSCO;;;EM FRENTE AO BATALHÃO DA RP;BOA VISTA;;;COLISÃO LATERAL;1;0;0;0;0;0;0;1;0;0;0;Longo da via;Chuvoso;Não existe;Perfeito estado;Molhada;Perfeito estado;Não existe;Não há placas;;Única;Faixa contínua;;
2021-04-30;09:56:00;SEM ViTIMA;FINALIZADA;SANTO AMARO;AV GOVERNADOR AGAMENON MAGALHAES;;;EM FRENTE A ANTIGA UNICORDIS;SANTO AMARO;;BOA VIAGEM;COLISÃO TRASEIRA;1;0;0;0;0;0;0;1;0;0;0;Longo da via;Bom;Sem defeito;Perfeito estado;Seca;Perfeito estado;Faixa de pedestre;Não há placas;;Dupla;Canal;;
2021-04-30;11:59:00;COM VITIMA;FINALIZADA;CORDEIRO;RUA GOMES TABORDA;948;;EM FRENTE A HENRIQUE CELL;CORDEIRO;;CIDADE;ATROPELAMENTO DE PESSOA;0;1;0;0;1;0;0;0;0;1;0;Longo da via;Chuvoso;Não existe;Perfeito estado;Molhada;Perfeito estado;Não existe;Não há placas;30 km/h;Dupla;Faixa seccionada;;
2021-04-30;12:23:00;SEM ViTIMA;FINALIZADA;IPUTINGA;EST DO BARBALHO;;AV CAXANGA;;IPUTINGA;;;SEMÁFORO;0;0;0;0;0;0;0;0;0;0;0;;;;;;;;;;;;;
2021-04-30;16:10:00;COM VITIMA;FINALIZADA;SÍTIO DOS PINTOS;RUA MANUEL DE MEDEIROS;17;;EM FRENTE UFRPE CCEAGRI;SÍTIO DOS PINTOS;;SUBURBIO;COLISÃO LATERAL;1;1;0;0;0;0;0;0;0;1;0;Longo da via;Chuvoso;Não existe;Perfeito estado;Seca;Mal conservada;Não existe;R-19;30 km/h;Dupla;Não existe;;
2021-04-30;16:12:00;SEM ViTIMA;FINALIZADA;CAXANGÁ;AV CAXANGA;;AV GENERAL SAN MARTIN;;CAXANGÁ;80;;SEMÁFORO;0;0;0;0;0;0;0;0;0;0;0;;;;;;;;;;;;;
2021-04-30;18:19:00;COM VITIMA;FINALIZADA;CASA AMARELA;AV NORTE;2519;;E/F AO NUCLEO DE CASA AMARELA, SNT CID;CASA AMARELA;;CIDADE;QUEDA;1;1;0;0;0;0;0;0;0;1;0;Longo da via;Bom;Não existe;Perfeito estado;Seca;Mal iluminada;Outros;Outras;;Dupla;Canteiro central;;
2021-04-30;19:29:00;COM VITIMA;FINALIZADA;CABANGA;PRC GOVERNADOR PAULO GUERRA;;PTE GOVERNADOR PAULO GUERRA;LARGO DO CABANGA - SENTIDO BOA VIAGEM - APÓS A LOMBADA ELETRÔNICA - NA CABECEIRA DA PONTE ESTAIADA;CABANGA;662;SUBURBIO;ATROPELAMENTO DE PESSOA;0;1;0;0;1;0;0;0;0;1;0;Longo da via;Bom;Sem defeito;Perfeito estado;Seca;Perfeito estado;Não existe;;60 km/h;;Faixa contínua;;
2021-05-01;13:01:00;COM VITIMA;FINALIZADA;TOTÓ;AV LIBERDADE;;;EM FRENTE AO CEMITERIO PARQUE DA FLORES;TOTÓ;;SUBURBIO;COLISÃO COM CICLISTA;1;0;0;1;0;0;0;0;0;1;0;Longo da via;Bom;Sem defeito;Perfeito estado;Seca;Perfeito estado;Não existe;Não há placas;;Dupla;Faixa contínua;;
2021-05-01;13:16:00;COM VITIMA;FINALIZADA;ENCRUZILHADA;AV NORTE;;AV SANTOS DUMONT;PAMELA  ROSARINHO;ENCRUZILHADA;81;CIDADE;COLISÃO LATERAL;1;0;0;0;0;0;0;0;0;1;0;Cruzamento;Nublado;Sem defeito;Perfeito estado;Seca;Perfeito estado;Faixa de pedestre;Outras;;Única;Canteiro central;;
2021-05-01;14:45:00;COM VITIMA;FINALIZADA;BOA VIAGEM;AV ENGENHEIRO DOMINGOS FERREIRA;2571;RUA PROFESSOR JOSE BRANDAO;FARMÁCIA INDEPENDENTE;BOA VIAGEM;550;;COLISÃO LATERAL;1;1;0;0;0;0;0;0;0;1;0;Longo da via;Bom;Sem defeito;Perfeito estado;Seca;Perfeito estado;Faixa de pedestre;Não há placas;;Única;Faixa seccionada;;
2021-05-01;14:59:00;COM VITIMA;FINALIZADA;APIPUCOS;RUA DE APIPUCOS;1200;;PROX AO BPM DO GATI / NO SEMAFORO 248;APIPUCOS;248;CIDADE;ATROPELAMENTO DE PESSOA;1;0;0;0;1;0;0;0;0;1;0;Longo da via;Bom;Sem defeito;Perfeito estado;Seca;Perfeito estado;Faixa de pedestre;Outras;;Dupla;Faixa contínua;;
2021-05-02;00:27:00;COM VITIMA;CANCELADA;IPSEP;RUA ARACATUBA;;;PRAÇA DA MAURICEIA , PRÓXIMO AO COLÉGIO ESTADUAL ELEANOR ROOSEVELT;IPSEP;;;COLISÃO TRASEIRA;1;1;0;0;0;0;0;0;0;1;0;;;;;;;;;;;;;
2021-05-02;12:58:00;COM VITIMA;FINALIZADA;IMBIRIBEIRA;AV MARECHAL MASCARENHAS DE MORAES;943;;E/F A GRILLO HOME DECOR S/T CID;IMBIRIBEIRA;;;COLISÃO TRASEIRA;1;1;0;0;0;0;0;0;0;1;0;Longo da via;Chuvoso;Sem defeito;Perfeito estado;Molhada;Perfeito estado;Não existe;Outras;;Dupla;Faixa contínua;Faixa seccionada;Canteiro central
2021-05-02;17:51:00;COM VITIMA;FINALIZADA;BONGI;RUA APARECIDA DE MINAS;53;;POR TRÁS DA CELPE;BONGI;;SUBURBIO;CHOQUE;1;1;0;0;0;0;0;0;0;1;0;Longo da via;Bom;Não existe;Não existente;Seca;Perfeito estado;Não existe;Não há placas;;Dupla;Não existe;;
2021-05-02;18:05:00;COM VITIMA;FINALIZADA;MADALENA;RUA LOPES DE CARVALHO;401;AV VISCONDE DE ALBUQUERQUE;PRÓX AO BAR AMADALENA E ASTRAL MULTI MARCAS;MADALENA;;CIDADE;COLISÃO LATERAL;1;1;0;0;0;0;0;0;0;1;0;Longo da via;Bom;Não existe;Não existente;Seca;Perfeito estado;Não existe;Não há placas;60 km/h;Única;Faixa seccionada;;
2021-05-02;18:23:00;COM VITIMA;FINALIZADA;IPSEP;RUA PINTOR ANTONIO ALBUQUERQUE;476;;EM FRENTE AO SMOPE;IPSEP;;SUBURBIO;COLISÃO COM CICLISTA;1;0;0;1;0;0;0;0;0;1;0;Longo da via;Bom;Não existe;Perfeito estado;Seca;Perfeito estado;Não existe;Não há placas;30 km/h;Única;Faixa contínua;;
2021-05-02;19:25:00;COM VITIMA;FINALIZADA;CORDEIRO;EST DO FORTE DO ARRAIAL N. DO B. JESUS;1077;;AO LADO DO CONJUNTO ARRAIAL E E/F AO ANTIGO CAMPO DO 15 / PRÓX AO POSTO SHELL;CORDEIRO;;SUBURBIO;COLISÃO LATERAL;1;1;0;0;0;0;0;0;0;1;0;Longo da via;Bom;Não existe;Perfeito estado;Seca;Perfeito estado;Não existe;Não há placas;;Dupla;Faixa contínua;;
2021-05-03;08:07:00;COM VITIMA;FINALIZADA;CORDEIRO;RUA GOMES TABORDA;1460;AV GENERAL SAN MARTIN;EM  FRENTE AO SUPERMERCADO IDEAL;CORDEIRO;67;CIDADE;COLISÃO FRONTAL;1;1;0;0;0;0;0;0;0;1;0;Longo da via;Bom;Sem defeito;Perfeito estado;Seca;Perfeito estado;Faixa de pedestre;"Placas ""Pare""";;Dupla;Faixa seccionada;;
2021-05-03;08:20:00;COM VITIMA;FINALIZADA;GRAÇAS;RUA AMELIA;;AV RUI BARBOSA;PROXIMO AO  POSTO BR;GRAÇAS;845;CIDADE;CAPOTAMENTO;1;0;0;0;0;0;0;0;0;1;0;Longo da via;Bom;Sem defeito;Perfeito estado;Seca;Perfeito estado;;Outras;;Única;Faixa seccionada;;
2021-05-03;08:38:00;COM VITIMA;FINALIZADA;IMBIRIBEIRA;RUA ARQUITETO LUIZ NUNES;;RUA MIS JOEL CARLSON;NA ESQUINA DO ATACAREJO ,NOVO TEMPO;IMBIRIBEIRA;633;CIDADE;ATROPELAMENTO DE PESSOA;1;0;0;0;1;0;0;0;0;1;0;Cruzamento;Chuvoso;Sem defeito;Perfeito estado;Molhada;Perfeito estado;Faixa de pedestre;Não há placas;70 km/h;Dupla;Faixa contínua;;
2021-05-03;14:59:00;COM VITIMA;FINALIZADA;TORRÕES;AV INACIO MONTEIRO;842;RUA DR MIGUEL VIEIRA FERREIRA;PROX A FARMACIA DROGARIA CORDEIRO;TORRÕES;566;;COLISÃO LATERAL;1;1;0;0;0;0;0;0;0;1;0;Cruzamento;Bom;Com defeito;Perfeito estado;Seca;Perfeito estado;Faixa de pedestre;Não há placas;30 km/h;Dupla;;;
2021-05-03;15:49:00;COM VITIMA;FINALIZADA;SÃO JOSÉ;AV DANTAS BARRETO;;RUA DO PEIXOTO;SOB O SEMÁFORO DE N. 181;SÃO JOSÉ;181;SUBURBIO;COLISÃO LATERAL;0;1;0;0;0;1;0;0;0;1;0;Cruzamento;Bom;Sem defeito;Perfeito estado;Seca;Perfeito estado;Faixa de pedestre;Não há placas;;Dupla;Faixa contínua;Faixa seccionada;
2021-05-03;16:51:00;COM VITIMA;FINALIZADA;DOIS IRMÃOS;RUA DOIS IRMAOS;112;;PROX AO LAFEPE;DOIS IRMÃOS;189;SUBURBIO;COLISÃO LATERAL;1;1;0;0;0;0;0;0;0;1;0;Longo da via;Bom;Sem defeito;Perfeito estado;Seca;Perfeito estado;Faixa de pedestre;Outras;;Dupla;Faixa contínua;Faixa seccionada;
2021-05-03;18:05:00;SEM ViTIMA;FINALIZADA;BOA VISTA;AV GOVERNADOR AGAMENON MAGALHAES;;;PROX. AO AMERICANO BATISTA;BOA VISTA;37;;COLISÃO TRASEIRA;3;0;0;0;0;0;0;0;0;0;0;;;;;;;;;;;;;
2021-05-03;18:18:00;COM VITIMA;FINALIZADA;SÃO JOSÉ;C SANTA RITA;;;EM FRENTE A GERMAN E AS TORRES GEMEAS;SÃO JOSÉ;76;CIDADE;;0;1;0;0;0;0;0;0;0;2;0;Longo da via;Bom;Não existe;Perfeito estado;Seca;Perfeito estado;Não existe;Não há placas;60 km/h;Dupla;Canteiro central;;
2021-05-03;18:37:00;COM VITIMA;FINALIZADA;IMBIRIBEIRA;RUA ANTONIO FALCAO;100;RUA JACY;EM FRENTE AO POSTO YPIRANGA / APÓS O PADEIRÃO;IMBIRIBEIRA;;SUBURBIO;COLISÃO LATERAL;1;1;0;0;0;0;0;0;0;2;0;Longo da via;Bom;Sem defeito;Perfeito estado;Seca;Perfeito estado;Faixa de pedestre;"Placas ""Pare""";;Única;Faixa seccionada;;
2021-05-03;21:50:40;COM VITIMA;FINALIZADA;AFOGADOS;RUA SAO MIGUEL;1357;;EM FRENTE  AO BODE DO NÔ;AFOGADOS;;CIDADE;COLISÃO FRONTAL;1;1;0;0;0;0;0;0;0;1;0;Longo da via;Chuvoso;Não existe;Perfeito estado;Molhada;Perfeito estado;Não existe;Não há placas;;Dupla;Faixa seccionada;;
2021-05-04;08:22:00;COM VITIMA;FINALIZADA;SANTO AMARO;AV NORTE;1184;;E/F A IGREJA SÃO SEBASTIÃO;SANTO AMARO;;SUBURBIO;COLISÃO LATERAL;0;0;0;0;0;0;0;0;0;1;0;Longo da via;Chuvoso;Sem defeito;Perfeito estado;Molhada;Perfeito estado;Não existe;Outras;;Dupla;Canteiro central;;
2021-05-04;08:39:00;COM VITIMA;FINALIZADA;BOA VIAGEM;RUA COPACABANA;;RUA COPACABANA;PROX. AO TERMINAL DE SETUBAL E AO LADO DO COLEGIO FERNANDO MOTTA;BOA VIAGEM;;CIDADE;COLISÃO TRASEIRA;2;0;0;0;0;0;0;0;0;1;0;Cruzamento;Chuvoso;Não existe;Incompleta;Molhada;Perfeito estado;Não existe;Outras;;Dupla;Faixa contínua;Faixa seccionada;
2021-05-04;12:28:00;COM VITIMA;FINALIZADA;CABANGA;AV SUL;1374;AV SUL;EM FRENTE A INDUSTRIA PORTELA;CABANGA;260;SUBURBIO;COLISÃO FRONTAL;0;1;0;0;0;1;0;0;0;1;0;Cruzamento;Chuvoso;Sem defeito;Perfeito estado;Molhada;Perfeito estado;Não existe;Não há placas;;Dupla;Blocos;;
2021-05-04;13:35:00;COM VITIMA;FINALIZADA;CORDEIRO;RUA GOMES TABORDA;;RUA DES ADOLFO CIRIACO;EM FRENTE A SINDI COMBUSTIVEIS E PROXIMO AO ANTIGO CLUBE PERFUMADO;CORDEIRO;;CIDADE;COLISÃO LATERAL;1;1;0;0;0;0;0;0;0;1;0;Longo da via;Bom;Não existe;Não existente;Seca;Perfeito estado;Não existe;Não há placas;60 km/h;Dupla;Faixa seccionada;;
2021-05-04;14:34:00;SEM ViTIMA;CANCELADA;CASA AMARELA;RUA CONS NABUCO;571;;EM FRENTE AO STUDIO TAISA;CASA AMARELA;;;COLISÃO LATERAL;2;0;0;0;0;0;0;0;0;0;0;;;;;;;;;;;;;
2021-05-04;17:11:00;COM VITIMA;FINALIZADA;CASA FORTE;EST DO ENCANAMENTO;454;RUA DO MARQUES;;CASA FORTE;;SUBURBIO;COLISÃO TRANSVERSAL;1;1;0;0;0;0;0;0;0;1;0;Longo da via;Nublado;Não existe;Perfeito estado;Seca;Perfeito estado;Faixa de pedestre;Outras;30 km/h;Dupla;Faixa seccionada;;
2021-05-04;20:59:40;SEM ViTIMA;CANCELADA;CAXANGÁ;AV CAXANGA;;;"E;F A ACADEMIA REF / PRÓX AO HOSPITAL SANTA TEREZINHA E POSTO SHELL,. SNT CAMARAGIBE";CAXANGÁ;;;COLISÃO TRASEIRA;2;0;0;0;0;0;0;0;0;0;0;;;;;;;;;;;;;
2021-05-05;08:27:00;COM VITIMA;FINALIZADA;SANTO AMARO;AV CRUZ CABUGA;981;;EM FRENTE AO COLEGIO  SIGISNANDO FERREIRA;SANTO AMARO;;CIDADE;COLISÃO TRASEIRA;1;1;0;0;0;0;0;0;0;2;0;Longo da via;Bom;Não existe;Perfeito estado;Seca;Perfeito estado;Não existe;Não há placas;;Dupla;Faixa contínua;;
2021-05-05;11:58:00;COM VITIMA;FINALIZADA;CIDADE UNIVERSITÁRIA;RUA PROFESSOR ANTONIO COELHO;;RUA MARECHAL MANOEL LUIS OSORIO;EM FRENTE AO COLEGIO PONTUAL;CIDADE UNIVERSITÁRIA;;;COLISÃO LATERAL;1;1;0;0;0;0;0;0;0;1;0;;;;;;;;;;;;;
2021-05-05;13:46:00;COM VITIMA;FINALIZADA;CABANGA;RUA COMANDANTE ANTONIO MANHAES DE MATTOS;;;AO LADO DA COMPESA;CABANGA;;CIDADE;COLISÃO FRONTAL;1;1;0;0;0;0;0;0;0;1;0;Cruzamento;Bom;Não existe;;Seca;Perfeito estado;Não existe;Não há placas;;Dupla;Não existe;;
2021-05-05;14:48:00;COM VITIMA;FINALIZADA;SANTO AMARO;AV GOVERNADOR AGAMENON MAGALHAES;;;PRÓX SHOPPING TACARUNA /  PRÓX AO VDO ENG ROBERTO PEREIRA DE CARVALHO;SANTO AMARO;;OLINDA;COLISÃO TRASEIRA;1;1;0;0;0;1;0;0;0;1;0;;;;;;;;;;;;;
2021-05-06;05:15:00;COM VITIMA;FINALIZADA;CAXANGÁ;AV CAXANGA;;;EM FRENTE AO BOI E BRASA;CAXANGÁ;;SUBURBIO;COLISÃO FRONTAL;1;2;0;0;0;0;0;0;0;3;0;Longo da via;Bom;Sem defeito;Perfeito estado;Seca;Perfeito estado;Não existe;Não há placas;;Dupla;Canteiro central;;
2021-05-06;09:19:00;COM VITIMA;FINALIZADA;ENCRUZILHADA;RUA CASTRO ALVES;112;RUA JOSE DE SA CARNEIRO;EN FRENTE A CAIXA DA ENCRUZILHADA;ENCRUZILHADA;666;SUBURBIO;ATROPELAMENTO DE PESSOA;1;0;0;0;1;0;0;0;0;1;0;Esquina;Bom;Sem defeito;Perfeito estado;Seca;Perfeito estado;Outros;Não há placas;30 km/h;Única;Faixa seccionada;;
2021-05-06;12:48:00;COM VITIMA;CANCELADA;CORDEIRO;AV MAURICIO DE NASSAU;261;;E/F A PADARIA  ATLANTICA  S/T  SUB;CORDEIRO;;;COLISÃO FRONTAL;2;1;0;0;0;0;0;0;0;1;0;;;;;;;;;;;;;
2021-05-06;14:46:00;COM VITIMA;FINALIZADA;SANTO AMARO;AV CRUZ CABUGA;1200;RUA LEAO TREZE;E/F AO HOSPITAL DA MARINHA S/T CID;SANTO AMARO;;CIDADE;COLISÃO LATERAL;1;1;0;0;0;0;0;0;0;1;0;Longo da via;Bom;Não existe;Perfeito estado;Seca;Perfeito estado;Não existe;R-6a;;Dupla;Faixa seccionada;;