data;hora;natureza_acidente;situacao;bairro;endereco;numero;detalhe_endereco_acidente;complemento;bairro_cruzamento;num_semaforo;sentido_via;tipo;auto;moto;ciclom;ciclista;pedestre;onibus;caminhao;viatura;outros;vitimas;vitimasfatais;acidente_verificado;tempo_clima;situacao_semaforo;sinalizacao;condicao_via;conservacao_via;ponto_controle;situacao_placa;velocidade_max_via;mao_direcao;divisao_via1;divisao_via2;divisao_via3
2021-05-06;18:52:00;COM VITIMA;FINALIZADA;CASA AMARELA;RUA CASA AMARELA;;RUA SANTA IZABEL;E/F A PRACA JOTA LEAL ( E/F AO COLEGIO DOM VITA);CASA AMARELA;;SUBURBIO;COLISÃO COM CICLISTA;1;0;0;1;0;0;0;0;0;1;0;Cruzamento;Bom;Não existe;Perfeito estado;Seca;Perfeito estado;Não existe;R-6a;30 km/h;Dupla;Não existe;;
2021-05-06;20:12:00;COM VITIMA;FINALIZADA;BOA VIAGEM;RUA VISCONDE DE JEQUITINHONHA;;RUA DR VICENTE GOMES;E/F A LOCALIZA;BOA VIAGEM;433;SUBURBIO;COLISÃO COM CICLISTA;1;0;0;1;0;0;0;0;0;1;0;Cruzamento;Bom;Sem defeito;Perfeito estado;Seca;Perfeito estado;Faixa de pedestre;Não há placas;;Única;;;
2021-05-06;20:33:00;COM VITIMA;FINALIZADA;IMBIRIBEIRA;AV MARECHAL MASCARENHAS DE MORAES;;RUA JORNALISTA CLEOFHAS DE OLIVEIRA;E/F AO GERALDÃO / SEMÁFORO 290;IMBIRIBEIRA;240;SUBURBIO;COLISÃO LATERAL;1;1;0;0;0;0;0;0;0;1;0;Longo da via;Bom;Sem defeito;Perfeito estado;Seca;Perfeito estado;Faixa de pedestre;Não há placas;;Única;Faixa contínua;;
2021-05-06;20:39:40;SEM ViTIMA;FINALIZADA;BOA VIAGEM;RUA PROFESSOR JOSE BRANDAO;;RUA DR PEDRO DE MELLO CAHU;POR TRÁS DO COLÉGIO BV;BOA VIAGEM;;;COLISÃO LATERAL;2;0;0;0;0;0;0;0;0;0;0;;;;;;;;;;;;;
2021-05-07;09:12:00;COM VITIMA;FINALIZADA;SANTO AMARO;AV GOVERNADOR AGAMENON MAGALHAES;;;EM FRENTE A UPE;SANTO AMARO;;;COLISÃO TRASEIRA;1;1;0;0;0;0;0;0;0;1;0;;;;;;;;;;;;;
2021-05-07;11:05:00;COM VITIMA;FINALIZADA;IBURA;AV RECIFE;2670;;LADO OPOSTO AO N. 2670 SENTIDO BR101 - BOA VIAGEM;IBURA;16;;COLISÃO TRANSVERSAL;1;1;0;0;0;0;0;0;0;1;0;Longo da via;Bom;Sem defeito;Perfeito estado;Seca;Perfeito estado;Agente;;60 km/h;Dupla;Faixa seccionada;Canteiro central;
2021-05-07;14:04:00;COM VITIMA;FINALIZADA;IMBIRIBEIRA;AV MARECHAL MASCARENHAS DE MORAES;;PRC MINISTRO SALGADO FILHO;EM FRENTE AO AEROPORTO / EM BAIXO DA PASSARELA;IMBIRIBEIRA;570;;COLISÃO TRASEIRA;1;1;0;0;0;0;0;0;0;1;0;;;;;;;;;;;;;
2021-05-07;14:37:00;COM VITIMA;FINALIZADA;ESPINHEIRO;AV GOVERNADOR AGAMENON MAGALHAES;2805;;EM FRENTE AO CIRCULO MILITAR SENTIDO OLINDA;ESPINHEIRO;;CIDADE;COLISÃO LATERAL;1;1;0;0;0;0;0;0;0;1;0;Longo da via;Bom;Não existe;Perfeito estado;Seca;Perfeito estado;Faixa de retenção;Não há placas;;Dupla;Canteiro central;Canal;
2021-05-07;19:08:00;COM VITIMA;FINALIZADA;IMBIRIBEIRA;AV RECIFE;;;NA SUB, DO VIADULTO TANCREDO NEVES , SENTIDO BOA VIAGEM;IMBIRIBEIRA;;;COLISÃO COM CICLISTA;1;0;0;1;0;0;0;0;0;1;0;Longo da via;Bom;Não existe;Perfeito estado;Seca;Perfeito estado;Não existe;Não há placas;60 km/h;Única;Canteiro central;;
2021-05-07;20:56:40;COM VITIMA;CANCELADA;ESTÂNCIA;AV RECIFE;;;EM FRENTE AO ATACADÃO (ANTIGO MAKRO);ESTÂNCIA;;;ENGAVETAMENTO;3;1;0;0;0;0;0;0;0;1;0;;;;;;;;;;;;;
2021-05-08;06:42:00;COM VITIMA;FINALIZADA;TORRE;RUA REAL DA TORRE;1201;RUA CONDE DE IRAJA;E/F AO MERCADO EXTRABOM;TORRE;106;SUBURBIO;COLISÃO FRONTAL;1;1;0;0;0;0;0;0;0;2;0;Cruzamento;Chuvoso;Sem defeito;Perfeito estado;Molhada;Perfeito estado;Faixa de pedestre;Não há placas;;Única;Faixa seccionada;;
2021-05-08;07:13:00;COM VITIMA;FINALIZADA;SÃO JOSÉ;AV SUL;488;RUA PADRE JOSE DE SA LEITAO;SEMAFORO 509;SÃO JOSÉ;509;CIDADE;COLISÃO TRASEIRA;1;1;0;0;0;0;0;0;0;1;0;Cruzamento;Bom;Sem defeito;Perfeito estado;Molhada;Perfeito estado;Faixa de pedestre;R-4a;;Única;;;
2021-05-08;08:53:00;COM VITIMA;FINALIZADA;IMBIRIBEIRA;AV MARECHAL MASCARENHAS DE MORAES;3175;;AO LADO DA FERREICA COSTA;IMBIRIBEIRA;385;CIDADE;COLISÃO TRASEIRA;1;1;0;0;0;0;0;0;0;1;0;Longo da via;Chuvoso;Sem defeito;Perfeito estado;Molhada;Perfeito estado;Não existe;Não há placas;;Dupla;Faixa contínua;;
2021-05-08;13:04:00;COM VITIMA;FINALIZADA;BARRO;AV DR JOSE RUFINO;1807;;EM FRENTE A IGREJA MUNDIAL DE JESUS CRISTO;BARRO;;SUBURBIO;COLISÃO LATERAL;1;1;0;0;0;0;0;0;0;1;0;Longo da via;Bom;Não existe;Perfeito estado;Seca;Perfeito estado;Não existe;Não há placas;60 km/h;Dupla;Faixa contínua;;
2021-05-08;13:40:00;COM VITIMA;FINALIZADA;TOTÓ;AV LIBERDADE;2;;E/F AO CEMITERIO  PARQUE DAS FLORES;TOTÓ;;CIDADE;ATROPELAMENTO DE PESSOA;1;0;0;0;1;0;0;0;0;1;0;Longo da via;Bom;Não existe;Perfeito estado;Seca;Perfeito estado;Não existe;Não há placas;;Dupla;Faixa contínua;;
2021-05-08;14:48:00;COM VITIMA;FINALIZADA;CIDADE UNIVERSITÁRIA;RUA EMILIANO BRAGA;777;RUA PROFESSOR ANTONIO COELHO;EM FRENTE A INTEGRAÇÃO DA CIDADE UNIVERSITARIA;CIDADE UNIVERSITÁRIA;;SUBURBIO;COLISÃO LATERAL;1;1;0;0;0;0;0;0;0;1;0;Cruzamento;Bom;Não existe;Perfeito estado;Seca;Perfeito estado;Faixa de pedestre;"Placas ""Pare""";40 km/h;;Faixa seccionada;;
2021-05-09;14:56:00;SEM ViTIMA;CANCELADA;BOA VIAGEM;RUA DOM JOSE LOPES;;;EM FRENTE AO BAR E RESTAURANTE CANGAÇO;BOA VIAGEM;;;COLISÃO TRASEIRA;2;0;0;0;0;0;0;0;0;0;0;;;;;;;;;;;;;
2021-05-09;15:02:00;COM VITIMA;FINALIZADA;AFOGADOS;RUA NICOLAU PEREIRA;;;EM BAIXO DO SEMAFORO 242 / PROX AO ARMAZEM CORAL;AFOGADOS;242;;COLISÃO LATERAL;1;1;0;0;0;0;0;0;0;1;0;;;;;;;;;;;;;
2021-05-09;21:57:40;SEM ViTIMA;CANCELADA;BOA VIAGEM;AV BOA VIAGEM;4224;RUA ANTONIO FALCAO;PRÓX AO HOTEL VILA RICA;BOA VIAGEM;;;CHOQUE;1;0;0;0;0;0;0;0;0;0;0;;;;;;;;;;;;;
2021-05-10;09:53:00;COM VITIMA;FINALIZADA;MACAXEIRA;AV NORTE;;;APÓS O PARQUE DA MACAXEIRA;MACAXEIRA;296;SUBURBIO;COLISÃO TRASEIRA;1;1;0;0;0;0;0;0;0;1;0;Longo da via;Chuvoso;Sem defeito;Perfeito estado;Molhada;Perfeito estado;Faixa de pedestre;Outras;;Dupla;Canteiro central;;
2021-05-10;12:16:00;COM VITIMA;FINALIZADA;BOA VIAGEM;AV CONSELHEIRO AGUIAR;;RUA ANTONIO FALCAO;RUA ANTONIO FALCAO;BOA VIAGEM;;;COLISÃO FRONTAL;1;1;0;0;0;0;0;0;0;1;0;;;;;;;;;;;;;
2021-05-10;12:31:00;COM VITIMA;FINALIZADA;IBURA;RUA DR BENIGNO JORDAO DE VASCONCELOS;385;;NA LAGOA ENCANTADA NA SUBIDA DA UR2;IBURA;;;COLISÃO LATERAL;1;1;0;0;0;0;0;0;0;1;0;;;;;;;;;;;;;
2021-05-10;13:43:00;COM VITIMA;FINALIZADA;TAMARINEIRA;RUA GOMES COUTINHO;218;;PROX AO SUPERMERCADO EXTRA;TAMARINEIRA;;;COLISÃO TRASEIRA;0;1;0;0;0;0;1;0;0;1;0;;;;;;;;;;;;;
2021-05-11;10:14:00;COM VITIMA;FINALIZADA;VASCO DA GAMA;RUA VASCO DA GAMA;64;RUA PROFESSOR RUI DA SILVEIRA CASTRO;EM FRENTE A FARMACIA DA SAÚDE;VASCO DA GAMA;;;COLISÃO FRONTAL;1;1;0;0;0;0;0;0;0;1;0;;;;;;;;;;;;;
2021-05-11;13:33:00;COM VITIMA;FINALIZADA;CASA AMARELA;AV NORTE;4766;;EM FRENTE AO ARMAZÉM CORAL;CASA AMARELA;;;COLISÃO COM CICLISTA;0;0;0;1;0;1;0;0;0;1;0;;;;;;;;;;;;;
2021-05-11;17:41:00;COM VITIMA;FINALIZADA;SANTO AMARO;AV GOVERNADOR AGAMENON MAGALHAES;;;EM FRENTE AO TACARUNA/ SENTIDO RECIFE;SANTO AMARO;;CIDADE;COLISÃO LATERAL;2;1;0;0;0;0;0;0;0;1;0;;;;;;;;;;;;;
2021-05-11;18:07:00;SEM ViTIMA;FINALIZADA;MADALENA;AV VISCONDE DE ALBUQUERQUE;;;EM FRENTE AO MADALENA CENTER;MADALENA;;;COLISÃO TRANSVERSAL;1;0;0;0;0;0;0;0;1;0;0;;;;;;;;;;;;;
2021-05-11;18:35:00;COM VITIMA;FINALIZADA;SÃO JOSÉ;AV SUL;1562;;EM FRENTE A COMPANHIA MOTO PEÇAS E SERVIÇOS;SÃO JOSÉ;;;COLISÃO LATERAL;0;2;0;0;0;0;0;0;0;1;0;;;;;;;;;;;;;
2021-05-11;18:50:00;COM VITIMA;FINALIZADA;CASA FORTE;RUA DE APIPUCOS;264;;;CASA FORTE;;;ATROPELAMENTO DE ANIMAL;0;0;0;0;0;0;0;0;0;1;0;;;;;;;;;;;;;
2021-05-11;18:53:00;SEM ViTIMA;CANCELADA;ILHA DO LEITE;RUA JOSE DE ALENCAR;;RUA VISCONDE DE GOIANA;PRÓX A UNIMED RECIFE 3;ILHA DO LEITE;;;COLISÃO FRONTAL;2;0;0;0;0;0;0;0;0;0;0;;;;;;;;;;;;;
2021-05-12;11:35:00;COM VITIMA;FINALIZADA;CASA AMARELA;RUA PADRE LEMOS;785;;EM FRENTE AO POSTO PETROBRÁS;CASA AMARELA;;;COLISÃO FRONTAL;1;1;0;0;0;0;0;0;0;1;0;Longo da via;Bom;Sem defeito;Incompleta;Seca;Perfeito estado;Não existe;R-6a;30 km/h;Dupla;Não existe;;
2021-05-12;12:07:00;COM VITIMA;FINALIZADA;AFOGADOS;RUA VINTE E UM DE ABRIL;949;;EM FRENTE A FABRICA DO CAFE PETINHO;AFOGADOS;;SUBURBIO;COLISÃO FRONTAL;0;2;0;0;0;0;0;0;0;1;0;Longo da via;Bom;Não existe;Não existente;Seca;Perfeito estado;Não existe;Não há placas;60 km/h;Dupla;Não existe;;
2021-05-12;13:59:00;COM VITIMA;FINALIZADA;PINA;PTE GOVERNADOR PAULO GUERRA;;;SENTIDO BOA VIAGEM;PINA;;SUBURBIO;;1;1;0;0;0;0;0;0;0;1;0;Longo da via;Bom;Não existe;Perfeito estado;Seca;Perfeito estado;Não existe;Não há placas;;Única;Faixa seccionada;;
2021-05-12;15:17:00;COM VITIMA;FINALIZADA;SÃO JOSÉ;RUA IMPERIAL;;;PROX. AO POSTO BR;SÃO JOSÉ;;;COLISÃO LATERAL;0;2;0;0;0;0;0;0;0;1;0;;;;;;;;;;;;;
2021-05-12;15:56:00;COM VITIMA;CANCELADA;SAN MARTIN;AV JOAO CABRAL DE MELO NETO;35;;PROX A GRAFICA ALENCAR S/T SUB  VT  20 NO LOCAL;SAN MARTIN;;;COLISÃO COM CICLISTA;0;1;0;0;0;0;0;0;0;1;0;;;;;;;;;;;;;
2021-05-12;17:58:00;COM VITIMA;FINALIZADA;BOA VISTA;RUA DA AURORA;;;PONTE DE FERRO ( PONTE BOA VISTA);BOA VISTA;;SUBURBIO;ATROPELAMENTO DE PESSOA;0;1;0;0;1;0;0;0;0;1;0;Longo da via;Bom;Sem defeito;Perfeito estado;Seca;Perfeito estado;Não existe;R-6a;60 km/h;Única;Faixa seccionada;;
2021-05-13;01:36:00;SEM ViTIMA;FINALIZADA;SANTO AMARO;AV GOVERNADOR AGAMENON MAGALHAES;;;PISTA LOCAL DA AV GOV AGAMENOM MAGALHÃES - E/F À ACADEMIA DA CIDADE - PROXIMO À UPE - SENTIDO OLINDA;SANTO AMARO;;;CHOQUE;1;0;0;0;0;0;0;0;0;0;0;;;;;;;;;;;;;
2021-05-13;15:41:00;SEM ViTIMA;FINALIZADA;BOA VISTA;RUA BISPO CARDOSO AYRES;;RUA DO PRINCIPE;MONITORAMENTO EM PONTO DE ALAGAMENTO;BOA VISTA;;;ALAGAMENTO;0;0;0;0;0;0;0;0;0;0;0;;;;;;;;;;;;;
2021-05-13;16:07:00;SEM ViTIMA;FINALIZADA;BOA VISTA;RUA BISPO CARDOSO AYRES;;RUA DO PRINCIPE;MONITORAMENTO EM PONTO DE ALAGAMENTO;BOA VISTA;;;ALAGAMENTO;0;0;0;0;0;0;0;0;0;0;0;;;;;;;;;;;;;
2021-05-13;17:04:00;SEM ViTIMA;CANCELADA;BOA VISTA;RUA BISPO CARDOSO AYRES;;RUA DO PRINCIPE;MONITORAMENTO EM PONTO DE ALAGAMENTO;BOA VISTA;;;ALAGAMENTO;0;0;0;0;0;0;0;0;0;0;0;;;;;;;;;;;;;
2021-05-14;18:00:00;COM VITIMA;FINALIZADA;PRADO;RUA SANTA EDWIRGES;;AV ENGENHEIRO ABDIAS DE CARVALHO;SEMÁFORO 354;PRADO;354;CIDADE;COLISÃO LATERAL;1;1;0;0;0;0;0;0;0;1;0;Cruzamento;Chuvoso;Com defeito;Perfeito estado;Molhada;Perfeito estado;Faixa de pedestre;Outras;;Única;Não existe;;
2021-05-14;19:12:00;SEM ViTIMA;FINALIZADA;BOMBA DO HEMETÉRIO;RUA BOMBA DO HEMETERIO;405[;;E/F A fUNERARIA BOMBA DO HEMETEIRO E CONSULTÓRIOS MÉDICOS;BOMBA DO HEMETÉRIO;;;COLISÃO LATERAL;0;0;0;0;0;0;0;0;0;0;0;;;;;;;;;;;;;
2021-05-14;19:36:00;SEM ViTIMA;EVADIU-SE;CASA AMARELA;AV NORTE;;;SEMÁFORO  643 / E/F AO POSTO BR E PRÓX AO SESC;CASA AMARELA;;;COLISÃO FRONTAL;2;0;0;0;0;0;0;0;0;0;0;;;;;;;;;;;;;
2021-05-15;11:09:00;COM VITIMA;FINALIZADA;BOA VIAGEM;RUA JOAQUIM BANDEIRA;;RUA SARGENTO SILVINO DE MACEDO;HOTEL PRAIA SUL;BOA VIAGEM;;;COLISÃO TRANSVERSAL;1;1;0;0;0;0;0;0;0;1;0;;;;;;;;;;;;;
2021-05-15;13:00:00;COM VITIMA;FINALIZADA;ÁGUA FRIA;RUA MANOEL SILVA;233;;PRÓX AO EMPÓRIO DA CERVEJA;ÁGUA FRIA;;;COLISÃO LATERAL;2;0;0;0;0;0;0;0;0;1;0;;;;;;;;;;;;;
2021-05-15;14:03:00;COM VITIMA;FINALIZADA;CAXANGÁ;AV CAXANGA;;;PRÓX À UPA;CAXANGÁ;;CIDADE;COLISÃO TRASEIRA;1;1;0;0;0;0;0;0;0;1;0;Longo da via;Bom;Sem defeito;Perfeito estado;Seca;Perfeito estado;Não existe;Não há placas;;Dupla;Canteiro central;;
2021-05-15;14:35:00;COM VITIMA;FINALIZADA;CAMPO GRANDE;EST DE BELEM;1099;;ASSEMBLEIA DE DEUS;CAMPO GRANDE;;CIDADE;COLISÃO TRASEIRA;0;1;0;0;0;1;0;0;0;1;0;Longo da via;Bom;Não existe;Perfeito estado;Seca;Perfeito estado;Não existe;Outras;;Dupla;Faixa contínua;Faixa seccionada;
2021-05-15;15:13:00;COM VITIMA;FINALIZADA;IBURA;AV RECIFE;2240;;EM FRENTE AO PERNAMBUCO GÁS;IBURA;;CIDADE;COLISÃO TRASEIRA;1;1;0;0;0;0;0;0;0;1;0;Longo da via;Bom;Sem defeito;Perfeito estado;Seca;Perfeito estado;Outros;Outras;60 km/h;Dupla;Canteiro central;;
2021-05-15;15:28:00;COM VITIMA;FINALIZADA;PONTO DE PARADA;RUA COUTO MAGALHAES;176;;PRÓX à PADARIA DO ÍNDIO;PONTO DE PARADA;;SUBURBIO;COLISÃO TRASEIRA;2;0;0;0;0;0;0;0;0;3;0;Longo da via;Bom;Não existe;Não existente;Seca;Perfeito estado;Não existe;Não há placas;;Dupla;Não existe;;
2021-05-15;15:40:00;COM VITIMA;FINALIZADA;SANTO AMARO;AV CRUZ CABUGA;;;EM FRENTE À IGREJA UNIVERSAL;SANTO AMARO;;CIDADE;COLISÃO COM CICLISTA;1;0;0;1;0;0;0;0;0;1;0;Longo da via;Bom;Não existe;Perfeito estado;Seca;Perfeito estado;Outros;Não há placas;;Dupla;Faixa seccionada;;
2021-05-15;15:45:00;COM VITIMA;FINALIZADA;BOA VIAGEM;RUA DOS NAVEGANTES;1979;RUA MARIA CAROLINA;;BOA VIAGEM;;SUBURBIO;COLISÃO LATERAL;1;1;0;0;0;0;0;0;0;1;0;Cruzamento;Bom;Não existe;Perfeito estado;Seca;Perfeito estado;Não existe;Não há placas;;Única;Não existe;;
2021-05-15;19:06:00;SEM ViTIMA;FINALIZADA;BOA VIAGEM;RUA TENENTE JOAO CICERO;;RUA MINISTRO NELSON HUNGRIA;;BOA VIAGEM;;CIDADE;COLISÃO TRANSVERSAL;3;0;0;0;0;0;0;0;0;0;0;Cruzamento;Bom;Não existe;Incompleta;Seca;Perfeito estado;Não existe;"Placas ""Pare""";;Única;Não existe;;
2021-05-15;21:46:40;SEM ViTIMA;FINALIZADA;TORREÃO;RUA OTHON PARAISO;;RUA DJALMA FARIAS;;TORREÃO;;;COLISÃO FRONTAL;2;0;0;0;0;0;0;0;0;0;0;;;;;;;;;;;;;
2021-05-16;07:35:00;SEM ViTIMA;CANCELADA;IMBIRIBEIRA;AV MARECHAL MASCARENHAS DE MORAES;;;EMFRENTE AO POSTO IPIRANGA,AO LADO DACAIXA ECONOMICA, SENT. CIDADE;IMBIRIBEIRA;;;COLISÃO LATERAL;3;0;0;0;0;0;0;0;0;0;0;;;;;;;;;;;;;
2021-05-16;07:41:00;COM VITIMA;FINALIZADA;BOA VIAGEM;AV ENGENHEIRO DOMINGOS FERREIRA;1340;RUA FELIX DE BRITO E MELO;POR TRAS DO CARREFOUR;BOA VIAGEM;545;SUBURBIO;CAPOTAMENTO;2;0;0;0;0;0;0;0;0;1;0;Cruzamento;Bom;Sem defeito;Perfeito estado;Seca;Perfeito estado;Faixa de pedestre;R-6a;;Única;Canteiro central;;
2021-05-16;17:27:00;COM VITIMA;FINALIZADA;BOA VIAGEM;AV ENGENHEIRO DOMINGOS FERREIRA;;RUA FELIX DE BRITO E MELO;RUA FELIX BRITO DE MELO;BOA VIAGEM;545;SUBURBIO;COLISÃO LATERAL;1;1;0;0;0;0;0;0;0;1;0;Cruzamento;Bom;Sem defeito;Perfeito estado;Seca;Perfeito estado;Faixa de pedestre;;60 km/h;Única;Faixa contínua;;
2021-05-16;19:10:00;COM VITIMA;FINALIZADA;TORRE;RUA JOSE BONIFACIO;;RUA MARCOS ANDRE;CRUZAMENTO C/A RUA MARCOS ANDRÉ - PRÓXIMO AO CARREFOUR;TORRE;;CIDADE;COLISÃO COM CICLISTA;1;1;0;0;0;0;0;0;0;1;0;Longo da via;Bom;Sem defeito;Perfeito estado;Seca;Perfeito estado;Não existe;R-6a;40 km/h;Dupla;Canteiro central;;
2021-05-16;19:09:00;COM VITIMA;FINALIZADA;MADALENA;AV BEIRA RIO;;RUA JOSE OSORIO;SEMÁFORO 387;MADALENA;387;CIDADE;COLISÃO COM CICLISTA;1;0;0;1;0;0;0;0;0;1;0;Cruzamento;Bom;Sem defeito;Perfeito estado;Seca;Perfeito estado;Faixa de pedestre;R-6a;;Única;;;
2021-05-16;19:13:00;COM VITIMA;FINALIZADA;SANTO AMARO;AV GOVERNADOR AGAMENON MAGALHAES;;RUA DR LEOPOLDO LINS;CRUZAMENTO C/A RUA LEOPOLDO LINS - SENTIDO OLINDA - PROXIMO À CAIXA ECONOMICA;SANTO AMARO;78;SUBURBIO;CHOQUE;1;1;0;0;0;0;0;0;0;1;0;Longo da via;Bom;Sem defeito;Perfeito estado;Seca;Perfeito estado;Faixa de pedestre;Outras;60 km/h;Única;Faixa seccionada;;
2021-05-17;07:07:00;COM VITIMA;FINALIZADA;IPUTINGA;AV CAXANGA;3367;;EM FRENTE  AO BIG BOMPREÇO;IPUTINGA;533;SUBURBIO;COLISÃO LATERAL;1;1;0;0;0;0;0;0;0;1;0;Longo da via;Bom;Sem defeito;Perfeito estado;Seca;Perfeito estado;Agente;Não há placas;60 km/h;Única;Faixa seccionada;;
2021-05-17;09:17:00;SEM ViTIMA;FINALIZADA;CASA AMARELA;RUA PAULA BATISTA;202;RUA XAVANTES;CASA ESPÍRITA LAR DE MARIA;CASA AMARELA;;CIDADE;COLISÃO TRANSVERSAL;1;0;0;0;0;0;0;1;0;0;0;Cruzamento;Bom;Não existe;Incompleta;Seca;Perfeito estado;Faixa de retenção;Outras;;Dupla;Faixa seccionada;;
2021-05-17;10:09:00;COM VITIMA;FINALIZADA;BOMBA DO HEMETÉRIO;RUA BOMBA DO HEMETERIO;;;PRÓX AO POSTO DE COMBUSTÍVEL NORTE BRAS;BOMBA DO HEMETÉRIO;;SUBURBIO;COLISÃO TRASEIRA;1;1;0;0;0;0;0;0;0;2;0;Rotatória;Bom;Não existe;Perfeito estado;Seca;Perfeito estado;Faixa de pedestre;Não há placas;30 km/h;Dupla;Faixa seccionada;;
2021-05-17;11:32:00;COM VITIMA;FINALIZADA;IMBIRIBEIRA;RUA JORGE DE LIMA;479;RUA JORGE DE LIMA;EM FRENTE AO GALETINHO DO MATUTO;IMBIRIBEIRA;402;SUBURBIO;COLISÃO LATERAL;0;2;0;0;0;0;0;0;0;1;0;Cruzamento;Bom;Sem defeito;Perfeito estado;Seca;Perfeito estado;Faixa de pedestre;Outras;60 km/h;Única;Faixa contínua;;
2021-05-17;14:56:00;COM VITIMA;FINALIZADA;SÃO JOSÉ;AV DANTAS BARRETO;;;PRÓX À PRAÇA SERGIO LORÊTO;SÃO JOSÉ;;CIDADE;ATROPELAMENTO DE PESSOA;1;0;0;0;1;0;0;0;0;1;0;Longo da via;Bom;Sem defeito;Perfeito estado;Seca;Perfeito estado;Faixa de pedestre;Não há placas;;Dupla;Faixa contínua;;
2021-05-17;19:12:00;SEM ViTIMA;CANCELADA;MANGABEIRA;RUA DA MANGABEIRA;281;;PROX. DO CLUB DA MANGABEIRA;MANGABEIRA;;;COLISÃO LATERAL;2;0;0;0;0;0;0;0;0;0;0;;;;;;;;;;;;;
2021-05-17;19:22:00;COM VITIMA;CANCELADA;COQUEIRAL;RUA ANANIAS CATANHO;39;;CASA;COQUEIRAL;;;ATROPELAMENTO DE PESSOA;0;1;0;0;1;0;0;0;0;1;0;;;;;;;;;;;;;
2021-05-17;19:52:00;COM VITIMA;FINALIZADA;SANTO AMARO;AV NORTE;;AV CRUZ CABUGA;NA ALÇA DE ACESSO A AV. CRUZ CABUGÁ;SANTO AMARO;34;CIDADE;COLISÃO TRASEIRA;1;1;0;0;0;0;0;0;0;1;0;Longo da via;Bom;Não existe;Perfeito estado;Seca;Perfeito estado;Faixa de pedestre;"Placas ""Dê a preferência""";;Única;Não existe;;
2021-05-18;07:54:00;COM VITIMA;FINALIZADA;AREIAS;AV RECIFE;;;EMFRENTE AO HIPER DE AREIAS. SENTIDO BOA VIAGEM;AREIAS;;;COLISÃO LATERAL;0;2;0;0;0;0;0;0;0;1;0;Longo da via;Bom;Não existe;Perfeito estado;Seca;Perfeito estado;Não existe;Outras;;Dupla;Canteiro central;;
2021-05-18;09:44:00;COM VITIMA;FINALIZADA;ILHA DO LEITE;RUA FRANCISCO ALVES;325;;EMPREASRIAL MULTIMED ILHA CENTER;ILHA DO LEITE;;SUBURBIO;COLISÃO LATERAL;1;1;0;0;0;0;0;0;0;1;0;Longo da via;Bom;Não existe;Perfeito estado;Seca;Perfeito estado;Outros;"Placas ""Dê a preferência""";;Dupla;Faixa contínua;;
2021-05-18;12:48:00;COM VITIMA;FINALIZADA;TORRE;RUA CONDE DE IRAJA;691;RUA REAL DA TORRE;AO LADO EXTRA E/F A ESCOLA GERAÇAO  ATIVA;TORRE;;SUBURBIO;COLISÃO LATERAL;1;1;0;0;0;0;0;0;0;1;0;Longo da via;Bom;Não existe;Perfeito estado;Seca;Perfeito estado;Não existe;Não há placas;60 km/h;Única;Faixa seccionada;;
2021-05-18;13:29:00;COM VITIMA;FINALIZADA;ESPINHEIRO;RUA QUARENTA E OITO;873;RUA CARNEIRO VILELA;EM FRENTE A GALERIA QUARENTA E OITO;ESPINHEIRO;;CIDADE;COLISÃO TRANSVERSAL;1;1;0;0;0;0;0;0;0;1;0;Longo da via;Bom;Não existe;Perfeito estado;Seca;Perfeito estado;Faixa de pedestre;Não há placas;40 km/h;Única;Faixa seccionada;;
2021-05-18;15:03:00;COM VITIMA;FINALIZADA;SANTO AMARO;RUA TRES DE MAIO;9144;RUA FREI CASSIMIRO;PROX ANTIGA CTTU E/F A BORRACHARIA MODESTO;SANTO AMARO;;SUBURBIO;COLISÃO LATERAL;1;0;0;0;0;0;0;0;0;1;0;Cruzamento;Bom;Não existe;Ilegível;Seca;Mal iluminada;Não existe;Não há placas;;Dupla;Não existe;;
2021-05-18;17:32:00;COM VITIMA;FINALIZADA;BOA VISTA;RUA DOM BOSCO;;;LADO OPOSTO A FARMACIA DROGASIL;BOA VISTA;;SUBURBIO;CHOQUE;1;0;0;0;0;0;0;0;0;1;0;Longo da via;Bom;Sem defeito;Perfeito estado;Seca;Perfeito estado;Outros;Outras;40 km/h;Única;Faixa seccionada;;
2021-05-18;17:42:00;COM VITIMA;FINALIZADA;BOA VISTA;AV GOVERNADOR AGAMENON MAGALHAES;;AV GOVERNADOR AGAMENON MAGALHAES;EM FRENTE AO HOSPITAL MENORIAL SÃO JOSE;BOA VISTA;;CIDADE;COLISÃO TRASEIRA;0;0;0;0;0;2;0;0;0;1;0;Longo da via;Bom;Sem defeito;Perfeito estado;Seca;Perfeito estado;Não existe;Não há placas;60 km/h;Dupla;Canteiro central;;
2021-05-18;17:55:00;COM VITIMA;FINALIZADA;ESPINHEIRO;AV NORTE;;RUA MARQUES DO PARANA;LADO OPOSTO A PRAÇA DA PICANHA;ESPINHEIRO;376;CIDADE;CAPOTAMENTO;1;0;0;0;0;0;0;0;0;1;0;Cruzamento;Bom;Sem defeito;Perfeito estado;Seca;Perfeito estado;Faixa de pedestre;Outras;60 km/h;Dupla;Canteiro central;;