data;hora;natureza_acidente;situacao;bairro;endereco;numero;detalhe_endereco_acidente;complemento;bairro_cruzamento;num_semaforo;sentido_via;tipo;auto;moto;ciclom;ciclista;pedestre;onibus;caminhao;viatura;outros;vitimas;vitimasfatais;acidente_verificado;tempo_clima;situacao_semaforo;sinalizacao;condicao_via;conservacao_via;ponto_controle;situacao_placa;velocidade_max_via;mao_direcao;divisao_via1;divisao_via2;divisao_via3
2021-05-18;18:11:00;COM VITIMA;FINALIZADA;BOA VIAGEM;AV BOA VIAGEM;826;;;BOA VIAGEM;;CIDADE;COLISÃO TRANSVERSAL;1;1;0;0;0;0;0;0;0;1;0;Longo da via;Bom;Não existe;Perfeito estado;Seca;Perfeito estado;Não existe;Não há placas;;Única;Faixa seccionada;;
2021-05-19;07:17:00;COM VITIMA;FINALIZADA;MADALENA;AV BEIRA RIO;771;;EM FRENTE AO EDF BEIRA RIO;MADALENA;;;COLISÃO COM CICLISTA;1;0;0;1;0;0;0;0;0;1;0;Longo da via;Bom;Sem defeito;Perfeito estado;Seca;Perfeito estado;Não existe;Não há placas;;Dupla;Faixa seccionada;;
2021-05-19;08:16:00;COM VITIMA;FINALIZADA;CAXANGÁ;AV CAXANGA;;;EM  FRENTE A EXPOSIÇAO DE ANIMAIS /  SENT CAMARAGIBE /;CAXANGÁ;;;COLISÃO TRASEIRA;1;1;0;0;0;0;0;0;0;1;0;Longo da via;Bom;Não existe;Perfeito estado;Seca;Perfeito estado;Não existe;R-6a;;Dupla;Faixa contínua;Faixa seccionada;Canteiro central
2021-05-19;09:11:00;COM VITIMA;FINALIZADA;BOA VISTA;RUA JOSE DE ALENCAR;;RUA BARAO DE SAO BORJA;EM FRENTE AO HOTEL BOA VISTA;BOA VISTA;;;COLISÃO LATERAL;2;0;0;0;0;0;0;0;0;1;0;;;;;;;;;;;;;
2021-05-19;17:35:00;COM VITIMA;FINALIZADA;SANTO AMARO;AV VISCONDE DE SUASSUNA;;PRQ TREZE DE MAIO;COLÉGIO IEP;SANTO AMARO;;;COLISÃO LATERAL;0;1;0;0;0;0;0;1;0;1;0;Cruzamento;Bom;Sem defeito;Perfeito estado;Seca;Perfeito estado;Faixa de pedestre;Outras;;Dupla;Faixa seccionada;;
2021-05-19;19:05:00;COM VITIMA;FINALIZADA;CORDEIRO;AV CAXANGA;;AV GENERAL SAN MARTIN;PRÓX AO HOSPITAL GETÚLIO VARGAS;CORDEIRO;;CIDADE;COLISÃO LATERAL;1;1;0;0;0;0;0;0;0;1;0;Longo da via;Bom;Sem defeito;Perfeito estado;Seca;Perfeito estado;Não existe;Não há placas;;Dupla;Canteiro central;;
2021-05-20;08:21:00;COM VITIMA;FINALIZADA;IPUTINGA;AV CAXANGA;4360;RUA PROFESSOR CHAVES BATISTA;LADO OPOSTO AO HOSPITAL SANTA TEREZINHA;IPUTINGA;230;CIDADE;COLISÃO COM CICLISTA;0;0;0;1;0;0;0;0;0;1;0;Cruzamento;Bom;Sem defeito;Perfeito estado;Seca;Perfeito estado;Faixa de pedestre;Outras;;Dupla;Canteiro central;;
2021-05-20;12:08:00;COM VITIMA;FINALIZADA;TEJIPIÓ;RUA FALCAO DE LACERDA;112;;PROXIMO A OFICINA LIDER;TEJIPIÓ;;SUBURBIO;COLISÃO LATERAL;1;1;0;0;0;0;0;0;0;1;0;Longo da via;Bom;Não existe;Ilegível;Seca;Perfeito estado;Não existe;Não há placas;40 km/h;Dupla;Faixa contínua;;
2021-05-20;13:58:00;COM VITIMA;FINALIZADA;CORDEIRO;RUA CLAUDIO BROTHERHOOD;571;RUA RIO CAPIBARIBE;;CORDEIRO;;CIDADE;COLISÃO FRONTAL;1;1;0;0;0;0;0;0;0;1;0;Cruzamento;Bom;Não existe;Não existente;Seca;Perfeito estado;Não existe;Não há placas;40 km/h;Dupla;Faixa seccionada;;
2021-05-20;15:07:00;COM VITIMA;FINALIZADA;MADALENA;RUA SENADOR FABIO DE BARROS;;;E/F AO EXTRA;MADALENA;;SUBURBIO;COLISÃO FRONTAL;1;1;0;0;0;0;0;0;0;1;0;Longo da via;Bom;Sem defeito;Perfeito estado;Seca;Perfeito estado;Não existe;Não há placas;;Dupla;Faixa contínua;;
2021-05-20;16:24:00;COM VITIMA;FINALIZADA;IMBIRIBEIRA;AV ENGENHEIRO ALVES DE SOUZA;;RUA ARQUITETO LUIZ NUNES;EM FRENTE A DROGASIL E A JULIETTO;IMBIRIBEIRA;634;CIDADE;COLISÃO LATERAL;1;1;0;0;0;0;0;0;0;1;0;Cruzamento;Bom;Sem defeito;Ilegível;Seca;Perfeito estado;Faixa de pedestre;"Placas ""Pare""";;Dupla;Faixa seccionada;;
2021-05-20;22:26:40;COM VITIMA;FINALIZADA;BOA VIAGEM;AV ENGENHEIRO DOMINGOS FERREIRA;;RUA ERNESTO DE PAULA SANTOS;E/F AO RESTAURANTE CASA DITÁLIA - PISTA DA ESQUERDA;BOA VIAGEM;217;SUBURBIO;COLISÃO TRASEIRA;1;1;0;0;0;0;0;0;0;1;0;Cruzamento;Bom;Sem defeito;Perfeito estado;Seca;Perfeito estado;Faixa de pedestre;R-6a;50 km/h;Única;Canteiro central;;
2021-05-21;05:22:00;SEM ViTIMA;FINALIZADA;IPUTINGA;AV PROFESSOR JOAQUIM CAVALCANTI;;;PROXIMO DO VIADUTO DA CAXANGÁ;IPUTINGA;;;COLISÃO LATERAL;2;0;0;0;0;0;0;0;0;0;0;;;;;;;;;;;;;
2021-05-21;10:03:00;COM VITIMA;FINALIZADA;GRAÇAS;RUA ALBERTO PAIVA;;;POR TRÁS DA PEDRAGON CHEVROLET;GRAÇAS;;SUBURBIO;QUEDA;0;1;0;0;0;0;0;0;0;1;0;Longo da via;Chuvoso;Não existe;Perfeito estado;Oleosa;Perfeito estado;Não existe;Não há placas;40 km/h;Única;Faixa seccionada;;
2021-05-21;10:27:00;COM VITIMA;FINALIZADA;IBURA;AV RECIFE;2670;;LOJA DE AUTO;IBURA;;SUBURBIO;COLISÃO TRANSVERSAL;1;1;0;0;0;0;0;0;0;1;0;Longo da via;Bom;Sem defeito;Perfeito estado;Seca;Perfeito estado;Não existe;Não há placas;60 km/h;Dupla;Canteiro central;;
2021-05-21;10:35:00;COM VITIMA;FINALIZADA;SANTO ANTÔNIO;AV GUARARAPES;161;;EM FRENTE A CAIXA ECONÔMICA FEDERAL;SANTO ANTÔNIO;;SUBURBIO;ATROPELAMENTO DE PESSOA;0;0;0;0;1;1;0;0;0;1;0;Longo da via;Bom;Não existe;Perfeito estado;Seca;Perfeito estado;Não existe;Não há placas;40 km/h;Dupla;Canteiro central;;
2021-05-21;10:50:00;COM VITIMA;DUPLICIDADE;SANTO ANTÔNIO;AV GUARARAPES;;;EM FRENTE A FARMACIA INDEPENDENTE;SANTO ANTÔNIO;;SUBURBIO;ATROPELAMENTO DE PESSOA;0;0;0;0;1;0;0;0;0;1;0;;;;;;;;;;;;;
2021-05-21;12:23:00;COM VITIMA;FINALIZADA;SÃO JOSÉ;C SANTA RITA;595;AV ENGENHEIRO JOSE ESTELITA;EM FRENTE AO PIER MARICIO DE NASSAU;SÃO JOSÉ;;SUBURBIO;COLISÃO TRASEIRA;1;1;0;0;0;0;0;0;0;1;0;Longo da via;Bom;Não existe;Perfeito estado;Seca;Perfeito estado;Não existe;Não há placas;60 km/h;Dupla;Canteiro central;;
2021-05-21;13:11:00;COM VITIMA;FINALIZADA;BOA VIAGEM;RUA VISCONDE DE JEQUITINHONHA;1900;RUA DES JOAO PAES;EM FRENTE;BOA VIAGEM;;CIDADE;COLISÃO FRONTAL;2;0;0;0;0;0;0;0;0;1;0;Cruzamento;Bom;Não existe;Perfeito estado;Seca;Perfeito estado;Faixa de pedestre;"Placas ""Pare""";;Única;Não existe;;
2021-05-21;14:18:00;COM VITIMA;FINALIZADA;BRASÍLIA TEIMOSA;RUA IVONETE FERREIRA DA SILVA;15;;AO LADO DO HABITACIONAL,EM FRENTE A OFICINA DE BARCOS;BRASÍLIA TEIMOSA;;CIDADE;COLISÃO FRONTAL;1;1;0;0;0;0;0;0;0;1;0;Longo da via;Bom;Não existe;Ilegível;Seca;Mal conservada;Não existe;Não há placas;;Dupla;Faixa contínua;;
2021-05-21;19:17:00;COM VITIMA;CANCELADA;BOA VIAGEM;AV CONSELHEIRO AGUIAR;3600;;EM FRENTE A IMORIO FRUTÁRIA/ EDIF. SANTA TEREZA;BOA VIAGEM;;;COLISÃO LATERAL;2;0;0;0;0;0;0;0;0;1;0;;;;;;;;;;;;;
2021-05-21;19:34:00;SEM ViTIMA;CANCELADA;ARRUDA;AV PROFESSOR JOSE DOS ANJOS;;RUA CONEGO BARATA;PRÓX AO DENOCS;ARRUDA;306;;COLISÃO TRASEIRA;2;0;0;0;0;0;0;0;0;0;0;;;;;;;;;;;;;
2021-05-21;20:54:40;COM VITIMA;FINALIZADA;CAMPO GRANDE;RUA CATULO DA PAIXAO CEARENSE;;RUA PROFESSOR FRANCISCO DA TRINDADE;PRÓX A IGREJA A UNIVERSAL;CAMPO GRANDE;;;COLISÃO LATERAL;1;1;0;0;0;0;0;0;0;1;0;;;;;;;;;;;;;
2021-05-22;08:48:00;COM VITIMA;FINALIZADA;AFOGADOS;RUA PROFESSOR AUGUSTO WANDERLEY FILHO;25;RUA AUGUSTO CALHEIROS;ANTES DA PONTE MOTOCOLOMBO, SENT. IMBIRIBEIRA;AFOGADOS;;SUBURBIO;COLISÃO TRASEIRA;1;1;0;0;0;0;0;0;0;1;0;Longo da via;Bom;Sem defeito;Perfeito estado;Seca;Perfeito estado;Não existe;Não há placas;40 km/h;Única;Faixa seccionada;;
2021-05-22;13:49:00;COM VITIMA;FINALIZADA;BOA VIAGEM;AV BOA VIAGEM;3610;;APOS O HOTEL INTERNACIONAL PALACE  RECIFE;BOA VIAGEM;;CIDADE;COLISÃO TRASEIRA;1;1;0;0;0;0;0;0;0;1;0;Longo da via;Bom;Não existe;Perfeito estado;Seca;Perfeito estado;Não existe;Não há placas;;Única;Faixa seccionada;;
2021-05-22;19:26:00;COM VITIMA;FINALIZADA;SAN MARTIN;AV JOAO CABRAL DE MELO NETO;2702;RUA TENENTE MINDELO;SEMÁFORO 250 - RUA TENENTE MINDELO;SAN MARTIN;250;SUBURBIO;COLISÃO COM CICLISTA;0;1;0;1;0;0;0;0;0;1;0;Cruzamento;Bom;Sem defeito;Perfeito estado;Seca;Perfeito estado;Não existe;Não há placas;;Dupla;Canteiro central;;
2021-05-22;20:42:40;COM VITIMA;CANCELADA;ÁGUA FRIA;AV ANIBAL BENEVOLO;;;E/F AO MERCADINHO SUPERBOM E PRÓX AO BELA VISTA;ÁGUA FRIA;;;COLISÃO FRONTAL;0;1;1;0;0;0;0;0;0;3;0;;;;;;;;;;;;;
2021-05-22;21:20:40;SEM ViTIMA;FINALIZADA;PRADO;RUA GOMES TABORDA;376;RUA QUATRO DE OUTUBRO;;PRADO;;SUBURBIO;;1;1;0;0;0;0;0;0;0;0;0;Longo da via;Bom;Não existe;Não existente;Seca;Mal conservada;;Não há placas;;Dupla;Faixa seccionada;;
2021-05-22;22:17:40;COM VITIMA;CANCELADA;IPSEP;RUA JEAN EMILE FAVRE;;;EM FRENTE A DP DO IPSEP;IPSEP;;;COLISÃO LATERAL;0;2;0;0;0;0;0;0;0;1;0;;;;;;;;;;;;;
2021-05-23;13:46:00;COM VITIMA;FINALIZADA;BOA VIAGEM;AV ENGENHEIRO DOMINGOS FERREIRA;1990;;PROX AO RESTAURANTE MATCH / PROX AO SUPERMERCADO ZEPELIN;BOA VIAGEM;;SUBURBIO;COLISÃO TRASEIRA;2;0;0;0;0;0;0;0;0;1;0;Longo da via;Bom;Não existe;Perfeito estado;Seca;Perfeito estado;Não existe;Não há placas;60 km/h;Única;Faixa contínua;;
2021-05-24;10:49:00;COM VITIMA;FINALIZADA;PINA;AV ENGENHEIRO DOMINGOS FERREIRA;668;;E/F A ART FIBRA SINTETICA;PINA;;SUBURBIO;COLISÃO LATERAL;0;0;0;0;0;0;0;0;0;2;0;Longo da via;Bom;Não existe;Perfeito estado;Seca;Perfeito estado;Não existe;Não há placas;;Única;Faixa seccionada;;
2021-05-24;11:21:00;COM VITIMA;FINALIZADA;SANTO AMARO;AV CRUZ CABUGA;;RUA DO HOSPICIO;MPPE;SANTO AMARO;32;;COLISÃO TRASEIRA;1;1;0;0;0;0;0;0;0;1;0;Longo da via;Bom;Sem defeito;Perfeito estado;Seca;Perfeito estado;Faixa de pedestre;Não há placas;;Única;Faixa contínua;;
2021-05-24;12:18:00;COM VITIMA;FINALIZADA;AFOGADOS;RUA SAO MIGUEL;1648;RUA ALEXANDRE RODRIGUES FERREIRA;EM FRENTE AO RESTAURANTE CHARQUE NA BRASA;AFOGADOS;;SUBURBIO;COLISÃO LATERAL;1;1;0;0;0;0;0;0;0;1;0;Longo da via;Bom;Não existe;Perfeito estado;Seca;Perfeito estado;Não existe;Não há placas;;Dupla;Faixa seccionada;;
2021-05-24;17:46:00;COM VITIMA;FINALIZADA;IMBIRIBEIRA;AV RECIFE;;AV SENADOR ROBERT KENNEDY;SENTIDO AEROPORTO;IMBIRIBEIRA;319;;COLISÃO COM CICLISTA;1;0;0;1;0;0;0;0;0;1;0;Cruzamento;Bom;Sem defeito;Perfeito estado;Seca;Perfeito estado;Faixa de pedestre;R-18;30 km/h;Dupla;Faixa contínua;Canteiro central;Canal
2021-05-25;08:25:00;COM VITIMA;FINALIZADA;SÃO JOSÉ;AV DANTAS BARRETO;1186;RUA SAO JOAO;SEMÁFORO 054;SÃO JOSÉ;54;CIDADE;ATROPELAMENTO DE PESSOA;0;1;0;0;1;0;0;0;0;1;0;Cruzamento;Bom;Sem defeito;Perfeito estado;Seca;Perfeito estado;Faixa de pedestre;Não há placas;;Dupla;Faixa contínua;;
2021-05-25;12:09:00;COM VITIMA;CANCELADA;GRAÇAS;RUA AMELIA;422;;EM  FRENTE A  CACHEFERIA TRADICAO;GRAÇAS;;;COLISÃO COM CICLISTA;1;0;0;1;0;0;0;0;0;1;0;;;;;;;;;;;;;
2021-05-26;13:47:00;COM VITIMA;FINALIZADA;CASA FORTE;AV DEZESSETE DE AGOSTO;675;;EM FRENTE A CAOA CHERY;CASA FORTE;;SUBURBIO;COLISÃO LATERAL;0;2;0;0;0;0;0;0;0;1;0;Longo da via;Bom;Não existe;Perfeito estado;Seca;Perfeito estado;Não existe;Não há placas;40 km/h;Dupla;Faixa seccionada;;
2021-05-26;15:09:00;COM VITIMA;FINALIZADA;ROSARINHO;AV NORTE;3110;AV SANTOS DUMONT;LADO OPOSTO A PADARIA ROSARINHO DELICATESSEN;ROSARINHO;81;SUBURBIO;COLISÃO LATERAL;1;1;0;0;0;0;0;0;0;1;0;Longo da via;Bom;Sem defeito;Perfeito estado;Seca;Perfeito estado;Faixa de pedestre;Não há placas;60 km/h;Dupla;Canteiro central;;
2021-05-27;07:51:00;COM VITIMA;FINALIZADA;BOA VIAGEM;RUA FELIX DE BRITO E MELO;;;;BOA VIAGEM;;CIDADE;CAPOTAMENTO;2;0;0;0;0;0;0;0;0;1;0;Longo da via;Chuvoso;Não existe;Perfeito estado;Molhada;Perfeito estado;Não existe;Não há placas;60 km/h;Única;Faixa seccionada;;
2021-05-27;08:46:00;COM VITIMA;FINALIZADA;CORDEIRO;RUA N S DA SAUDE;202;RUA DR GASTAO DA SILVEIRA;CENTRO VETERIN ARIO DE ESPECIALIDADE PATRICA BARROCA;CORDEIRO;;;COLISÃO TRASEIRA;1;0;0;0;0;0;0;0;0;1;0;Cruzamento;Bom;Não existe;Perfeito estado;Molhada;Perfeito estado;Não existe;Não há placas;40 km/h;Dupla;Faixa contínua;;
2021-05-27;08:58:00;COM VITIMA;FINALIZADA;SANTO AMARO;RUA COELHO LEITE;393;RUA COELHO LEITE;EM FRENTE AO GALPAO DA POLICIA;SANTO AMARO;;CIDADE;COLISÃO TRASEIRA;1;1;0;0;0;0;0;0;0;1;0;Cruzamento;Chuvoso;Não existe;Perfeito estado;Molhada;Perfeito estado;Faixa de retenção;Outras;40 km/h;Dupla;Faixa seccionada;;
2021-05-27;09:24:00;COM VITIMA;FINALIZADA;CASA FORTE;AV DEZESSETE DE AGOSTO;2133;;AO LADO DO MUSEUN DO HOMEM DO NORDESTE;CASA FORTE;646;CIDADE;COLISÃO LATERAL;1;1;0;0;0;0;0;0;0;1;0;Longo da via;Chuvoso;Sem defeito;Perfeito estado;Molhada;Perfeito estado;Faixa de retenção;Não há placas;60 km/h;Dupla;Faixa contínua;;
2021-05-27;14:22:00;COM VITIMA;FINALIZADA;CASA AMARELA;RUA PAULA BATISTA;;RUA XAVANTES;EM FRENTE AO CENTRO ESPÍRITAR MOACYR / PRÓX À PRAÇA DO TRABALHO;CASA AMARELA;;;COLISÃO LATERAL;2;0;0;0;0;0;0;0;0;3;0;Cruzamento;Chuvoso;Não existe;Perfeito estado;Seca;Perfeito estado;Faixa de retenção;"Placas ""Pare""";;Dupla;Faixa seccionada;;
2021-05-27;14:42:00;COM VITIMA;FINALIZADA;SANTO AMARO;AV CRUZ CABUGA;659;AV NORTE;ESQUINA COM A CASA DA INDUSTRIA;SANTO AMARO;37;CIDADE;COLISÃO TRANSVERSAL;1;1;0;0;0;0;0;0;0;1;0;Cruzamento;Bom;Sem defeito;Perfeito estado;Seca;Perfeito estado;Agente;Não há placas;;Dupla;Faixa contínua;;
2021-05-27;15:46:00;COM VITIMA;FINALIZADA;CORDEIRO;AV CAXANGA;;RUA CLAUDIO BROTHERHOOD;EM FRENTE À EXPOSIÇÃO DE ANIMAIS;CORDEIRO;;CIDADE;COLISÃO LATERAL;1;1;0;0;0;0;0;0;0;2;0;Cruzamento;Bom;Sem defeito;Incompleta;Seca;Perfeito estado;Faixa de pedestre;R-6a;;Dupla;Faixa contínua;Faixa seccionada;
2021-05-27;17:19:00;COM VITIMA;FINALIZADA;BOA VIAGEM;AV BOA VIAGEM;2294;;EDIF. MARIA EDICTA;BOA VIAGEM;;CIDADE;COLISÃO LATERAL;1;1;0;0;0;0;0;0;0;1;0;Longo da via;Bom;Sem defeito;Perfeito estado;Seca;Perfeito estado;Não existe;Outras;60 km/h;Única;Faixa contínua;;
2021-05-27;17:43:00;COM VITIMA;FINALIZADA;IPSEP;RUA JEAN EMILE FAVRE;1301;;MERCADINHO IGUAÇU;IPSEP;;CIDADE;ATROPELAMENTO DE PESSOA;1;0;0;0;2;0;0;0;0;2;0;Longo da via;Chuvoso;Sem defeito;Perfeito estado;Molhada;Perfeito estado;Não existe;Não há placas;;Dupla;Faixa contínua;;
2021-05-27;19:35:00;COM VITIMA;CANCELADA;IPUTINGA;AV CAXANGA;4474;;DROGASIL E BOI E BRASA;IPUTINGA;;;COLISÃO LATERAL;0;2;0;0;0;0;0;0;0;3;0;;;;;;;;;;;;;
2021-05-28;07:45:00;COM VITIMA;FINALIZADA;JORDÃO;AV MARIA IRENE;373;;EM FRENTE A CAPELA SÃO JOÃO BATISTA;JORDÃO;;CIDADE;COLISÃO TRASEIRA;1;1;0;0;0;0;0;0;0;1;0;Longo da via;Bom;Não existe;Perfeito estado;Seca;Perfeito estado;Não existe;Não há placas;;Dupla;Faixa contínua;;
2021-05-28;08:43:00;COM VITIMA;FINALIZADA;PARNAMIRIM;RUA JOAO TUDE DE MELO;;;SHOPPING PARNAMIRIN;PARNAMIRIM;;SUBURBIO;COLISÃO LATERAL;0;0;0;0;0;0;0;0;0;2;0;Longo da via;Bom;Não existe;Perfeito estado;Seca;Perfeito estado;Faixa de pedestre;Não há placas;;Única;Faixa seccionada;;
2021-05-28;08:59:00;COM VITIMA;CANCELADA;DOIS UNIDOS;RUA URIEL DE HOLANDA;;;CAMPO DO CAFÉ;DOIS UNIDOS;;;ATROPELAMENTO DE PESSOA;0;0;0;0;1;0;0;0;0;1;0;;;;;;;;;;;;;
2021-05-28;09:59:00;COM VITIMA;FINALIZADA;CAXANGÁ;AV CAXANGA;171;;EM FRENTE A FARMACIA PAGUE MENOS E ESTAÇÃO BRT ABOLIÇÃO SENT. CIDADE;CAXANGÁ;;CIDADE;COLISÃO LATERAL;1;1;0;0;0;0;0;0;0;1;0;Longo da via;Bom;Sem defeito;Perfeito estado;Seca;Perfeito estado;Não existe;Não há placas;60 km/h;Dupla;Canteiro central;;
2021-05-28;16:08:00;COM VITIMA;FINALIZADA;DOIS IRMÃOS;RUA DOIS IRMAOS;416;RUA DOIS IRMAOS;SOB VIADUTO DA BR-101;DOIS IRMÃOS;416;CIDADE;COLISÃO TRASEIRA;0;1;0;0;0;1;0;0;0;1;0;Longo da via;Chuvoso;Sem defeito;Perfeito estado;Molhada;Perfeito estado;Faixa de retenção;Não há placas;;Única;Outros;;
2021-05-28;22:38:40;COM VITIMA;CANCELADA;TORRE;RUA CONDE DE IRAJA;998;;PROXIMO IGREJA DA TORRE;TORRE;;;COLISÃO LATERAL;0;2;0;0;0;0;0;0;0;2;0;;;;;;;;;;;;;
2021-05-29;09:41:00;COM VITIMA;FINALIZADA;BOA VIAGEM;AV BOA VIAGEM;3722;;;BOA VIAGEM;120;CIDADE;COLISÃO TRANSVERSAL;0;1;1;0;0;0;0;0;0;1;0;Longo da via;Bom;Sem defeito;Perfeito estado;Seca;Perfeito estado;Faixa de pedestre;Outras;60 km/h;Única;Faixa contínua;;
2021-05-29;11:08:00;COM VITIMA;FINALIZADA;DOIS UNIDOS;AV HILDEBRANDO DE VASCONCELOS;;;EM FRENTE A ESTAÇAO DA CELPE / ENTRADA DE DOIS UNIDOS;DOIS UNIDOS;;;COLISÃO LATERAL;1;1;0;0;0;0;0;0;0;1;0;Cruzamento;Bom;Não existe;Incompleta;Seca;Perfeito estado;Faixa de pedestre;Outras;40 km/h;Dupla;Faixa;;
2021-05-29;13:14:00;COM VITIMA;FINALIZADA;TORRE;RUA MARQUES DE MARICA;12;;PRÓX À PRAÇA PROF. BARRETO CAMPELO;TORRE;;SUBURBIO;COLISÃO LATERAL;1;1;0;0;0;0;0;0;0;1;0;Longo da via;Bom;Não existe;Perfeito estado;Seca;Perfeito estado;Não existe;"Placas ""Pare""";;Dupla;Faixa seccionada;;
2021-05-29;14:16:00;SEM ViTIMA;FINALIZADA;BOA VIAGEM;RUA ANTONIO FALCAO;;;SEMÁFORO 640;BOA VIAGEM;640;;CHOQUE;1;0;0;0;0;0;0;0;0;0;0;;;;;;;;;;;;;
2021-05-30;11:51:00;COM VITIMA;FINALIZADA;ESPINHEIRO;RUA DA HORA;;AV JOAO DE BARROS;E/F AO EXTRA;ESPINHEIRO;656;SUBURBIO;COLISÃO FRONTAL;2;0;0;0;0;0;0;0;0;2;0;Cruzamento;Chuvoso;Sem defeito;Perfeito estado;Molhada;Perfeito estado;Faixa de pedestre;Outras;60 km/h;Única;Não existe;;
2021-05-30;15:54:00;COM VITIMA;FINALIZADA;CORDEIRO;AV GENERAL SAN MARTIN;;RUA CLOTILDE DE OLIVEIRA;RUA CLOTILDE DE OLIVEIRA;CORDEIRO;185;SUBURBIO;COLISÃO LATERAL;1;1;0;0;0;0;0;0;0;1;0;Longo da via;Bom;Sem defeito;Perfeito estado;Seca;Mal conservada;Faixa de pedestre;Não há placas;;Dupla;Faixa contínua;;
2021-05-30;19:50:00;SEM ViTIMA;CANCELADA;AREIAS;AV RECIFE;;;SEMÁFORO 494 - E/F AO RESIDENCIAL IGNEZ ANDREAZZA,  PRÓX AO BIG BOMPREÇO - FAIXA DA ESQUERDA;AREIAS;494;;COLISÃO TRASEIRA;2;0;0;0;0;0;0;0;0;0;0;;;;;;;;;;;;;
2021-05-31;09:08:00;COM VITIMA;FINALIZADA;ÁGUA FRIA;AV BEBERIBE;2395;;EM FRENTE AO CONDOMINIO SOBRADO BEBERIBE;ÁGUA FRIA;153;CIDADE;COLISÃO LATERAL;1;1;0;0;0;0;0;0;0;1;0;Longo da via;Bom;Sem defeito;Perfeito estado;Seca;Perfeito estado;Faixa de pedestre;Outras;;Dupla;Faixa contínua;Faixa seccionada;
2021-05-31;13:21:00;COM VITIMA;FINALIZADA;CASA AMARELA;AV NORTE;5100;;EM FRENTE AO REI DA PICANHA;CASA AMARELA;;SUBURBIO;COLISÃO COM CICLISTA;0;0;0;1;0;0;1;0;0;1;0;Longo da via;Bom;Sem defeito;Perfeito estado;Seca;Perfeito estado;Não existe;Outras;;Dupla;Faixa seccionada;;
2021-05-31;16:28:00;COM VITIMA;FINALIZADA;SANTO ANTÔNIO;PRC DA REPUBLICA;;;ENTRE O PALACIO CAMPO DAS PRINCESA E O TEATRO SANTA ISABEL;SANTO ANTÔNIO;;;COLISÃO COM CICLISTA;1;0;0;1;0;0;0;0;0;1;0;Longo da via;Chuvoso;Não existe;Perfeito estado;Molhada;Perfeito estado;Outros;R-6a;;Única;Outros;;
2021-05-31;17:59:00;COM VITIMA;FINALIZADA;BOA VIAGEM;RUA DEZ DE JULHO;481;RUA CAMBOIM;EM FRENTE AO MAISON CRISTAL;BOA VIAGEM;;SUBURBIO;COLISÃO LATERAL;1;1;0;0;0;0;0;0;0;1;0;Cruzamento;Chuvoso;Não existe;Perfeito estado;Molhada;Perfeito estado;Faixa de pedestre;"Placas ""Pare""";30 km/h;Dupla;Faixa seccionada;;
2021-05-31;18:42:00;COM VITIMA;FINALIZADA;BEBERIBE;RUA BOLIVAR;;;EM FRENTE AO CAMPO DO ARRUDA/ ARMAZÉM CORAL;BEBERIBE;;CIDADE;COLISÃO LATERAL;1;1;0;0;0;0;0;0;0;1;0;Longo da via;Chuvoso;Não existe;Perfeito estado;Molhada;Perfeito estado;Não existe;Outras;;Dupla;Faixa contínua;;
2021-05-31;19:05:00;COM VITIMA;FINALIZADA;IPSEP;AV RECIFE;;RUA JEAN EMILE FAVRE;PRÓXIMO A ENTRADA DA JEAN EMILE FAVRE;IPSEP;;SUBURBIO;CAPOTAMENTO;0;0;0;0;0;0;0;0;0;4;0;Longo da via;Chuvoso;Não existe;Perfeito estado;Molhada;Perfeito estado;;;;Dupla;Faixa seccionada;Canteiro central;
2021-05-31;19:08:00;COM VITIMA;FINALIZADA;CAXANGÁ;AV CAXANGA;;;PROX. A UPA, SENTIDO CIDADE;CAXANGÁ;;CIDADE;COLISÃO TRASEIRA;1;1;0;0;0;0;0;0;0;1;0;Longo da via;Chuvoso;Não existe;Perfeito estado;Molhada;Perfeito estado;Não existe;Não há placas;;Única;Faixa seccionada;;
2021-06-01;08:48:00;COM VITIMA;FINALIZADA;IPUTINGA;AV MAURICIO DE NASSAU;57;RUA N S DA SAUDE;;IPUTINGA;88;SUBURBIO;COLISÃO TRANSVERSAL;1;1;0;0;0;0;0;0;0;1;0;Longo da via;Bom;Sem defeito;;Seca;Perfeito estado;Faixa de retenção;R-19;40 km/h;Dupla;Faixa contínua;;
2021-06-01;08:57:00;COM VITIMA;FINALIZADA;ARRUDA;RUA DAS MOCAS;309;;ARMAZÉM SÃO JOÃO;ARRUDA;;SUBURBIO;COLISÃO COM CICLISTA;1;0;0;1;0;0;0;0;0;1;0;Longo da via;Bom;Não existe;Perfeito estado;Seca;Perfeito estado;Não existe;"Placas ""Pare""";;Dupla;;;