data;hora;natureza_acidente;situacao;bairro;endereco;numero;detalhe_endereco_acidente;complemento;bairro_cruzamento;num_semaforo;sentido_via;tipo;auto;moto;ciclom;ciclista;pedestre;onibus;caminhao;viatura;outros;vitimas;vitimasfatais;acidente_verificado;tempo_clima;situacao_semaforo;sinalizacao;condicao_via;conservacao_via;ponto_controle;situacao_placa;velocidade_max_via;mao_direcao;divisao_via1;divisao_via2;divisao_via3
2021-06-13;10:18:00;COM VITIMA;FINALIZADA;IPSEP;RUA JEAN EMILE FAVRE;890;RUA BLUMENAU;;IPSEP;101;SUBURBIO;COLISÃO LATERAL;1;1;0;0;0;0;0;0;0;1;0;Cruzamento;Bom;Sem defeito;Perfeito estado;Seca;Perfeito estado;Faixa de pedestre;R-6a;;Dupla;Faixa contínua;;
2021-06-13;19:11:00;COM VITIMA;FINALIZADA;BONGI;EST DO BONGI;;;PROX A DELEGACIA DA POLICIA CIVIL;BONGI;;CIDADE;COLISÃO COM CICLISTA;0;1;0;1;0;0;0;0;0;1;0;Longo da via;Bom;Não existe;Perfeito estado;Seca;Perfeito estado;;Não há placas;30 km/h;Dupla;Faixa contínua;;
2021-06-13;20:20:00;COM VITIMA;FINALIZADA;CAMPO GRANDE;AV GOVERNADOR AGAMENON MAGALHAES;;;PROX AO POSTO DISLUB;CAMPO GRANDE;;OLINDA;COLISÃO LATERAL;1;1;0;0;0;0;0;0;0;1;0;;;;;;;;;;;;;
2021-06-13;21:25:40;COM VITIMA;FINALIZADA;BONGI;RUA PADRE TEOFILO TWORZ;;RUA CARLOS GOMES;NO CRUZAMNETO MESMO;BONGI;;SUBURBIO;COLISÃO FRONTAL;1;1;0;0;0;0;0;0;0;1;0;Cruzamento;Bom;Não existe;Perfeito estado;Seca;Perfeito estado;Não existe;"Placas ""Pare""";;Única;Faixa seccionada;;
2021-06-14;07:01:00;COM VITIMA;FINALIZADA;BAIRRO DO RECIFE;AV MILITAR;550;;EM FRENTE O POSTO BR E PROX. DA PREFEITURA;BAIRRO DO RECIFE;;;COLISÃO LATERAL;0;1;0;0;0;1;0;0;0;1;0;;;;;;;;;;;;;
2021-06-14;11:52:00;SEM ViTIMA;FINALIZADA;TEJIPIÓ;AV PADRE IBIAPINA;;;AO LADO DO POSTE Nº B 088968;TEJIPIÓ;;SUBURBIO;COLISÃO TRASEIRA;2;0;0;0;0;0;0;0;0;0;0;Longo da via;Bom;Não existe;Não existente;Seca;Perfeito estado;Não existe;Não há placas;60 km/h;Dupla;Não existe;;
2021-06-14;11:55:00;COM VITIMA;FINALIZADA;BEBERIBE;AV BEBERIBE;3677;RUA DALVA DE OLIVEIRA;;BEBERIBE;575;;COLISÃO LATERAL;1;1;0;0;0;0;0;0;0;1;0;Cruzamento;Chuvoso;Sem defeito;Perfeito estado;Molhada;Perfeito estado;Faixa de pedestre;Outras;60 km/h;Dupla;Faixa contínua;;
2021-06-14;14:22:00;COM VITIMA;FINALIZADA;DERBY;PRC DO DERBY;177;;EM FRENTE AO LABORATÓRIO MARCELO MAGALHÃES;DERBY;;CIDADE;ATROPELAMENTO DE PESSOA;1;0;0;0;1;0;0;0;0;1;0;Longo da via;Bom;Não existe;Perfeito estado;Seca;Perfeito estado;Não existe;Outras;;Única;Faixa seccionada;;
2021-06-14;17:04:00;COM VITIMA;CANCELADA;CASA AMARELA;RUA DES MOTTA JUNIOR;;;E/F A ESCOLA ESTADUAL CARLOS DE LIMA CAVALCANTI;CASA AMARELA;;;COLISÃO LATERAL;1;1;0;0;0;0;0;0;0;1;0;;;;;;;;;;;;;
2021-06-14;19:36:00;COM VITIMA;FINALIZADA;MADALENA;RUA JOSE OSORIO;9727;;PRÓX A AUTO NORDESTE E MULTI MARCAS;MADALENA;;CIDADE;COLISÃO FRONTAL;1;1;0;0;0;0;0;0;0;1;0;Longo da via;Chuvoso;Não existe;Perfeito estado;Molhada;Perfeito estado;Não existe;Não há placas;;Dupla;Faixa contínua;;
2021-06-14;20:33:40;COM VITIMA;FINALIZADA;BOA VISTA;AV CONDE DA BOA VISTA;233;;LOGO APÓS O CRUZAMENTO COM A RUA GERVÁSIO PIRES;BOA VISTA;;SUBURBIO;COLISÃO FRONTAL;0;1;0;0;0;0;0;0;0;1;0;Longo da via;Chuvoso;Não existe;Perfeito estado;Molhada;Perfeito estado;Não existe;Outras;;Única;Faixa seccionada;;
2021-06-15;11:05:00;COM VITIMA;FINALIZADA;BEBERIBE;AV BEBERIBE;1796;RUA ZEFERINO AGRA;AO LADO OFICINA SAO MARCOS;BEBERIBE;;CIDADE;COLISÃO FRONTAL;1;1;0;0;0;0;0;0;0;1;0;Longo da via;Bom;Não existe;Perfeito estado;Seca;Perfeito estado;Faixa de pedestre;Não há placas;60 km/h;Dupla;Faixa contínua;;
2021-06-15;11:07:00;COM VITIMA;FINALIZADA;CAMPO GRANDE;AV PROFESSOR JOSE DOS ANJOS;36;;SENT. OLINDA, EM FRENTE AO SUPERMERCADO BOA FEIRA;CAMPO GRANDE;;;COLISÃO TRASEIRA;1;1;0;0;0;0;0;0;0;1;0;Longo da via;Bom;Não existe;Perfeito estado;Seca;Perfeito estado;Não existe;Não há placas;;Única;Faixa seccionada;;
2021-06-15;11:14:00;COM VITIMA;FINALIZADA;SAN MARTIN;RUA CLOTILDE DE OLIVEIRA;;;PROX. DO GERTULIO VARGAS;SAN MARTIN;;CIDADE;COLISÃO FRONTAL;1;1;0;0;0;0;0;0;0;1;0;Cruzamento;Bom;Sem defeito;Ilegível;Seca;Mal conservada;Faixa de pedestre;R-6a;;Dupla;Faixa contínua;;
2021-06-15;12:17:00;COM VITIMA;FINALIZADA;BOA VIAGEM;RUA BALTAZAR PASSOS;;RUA ALMIRANTE BATISTA LEAO;AO LADO DO COLEGIO MADRE DE DEUS  E/F AO BAR DO LUIZ;BOA VIAGEM;;;COLISÃO LATERAL;1;1;0;0;0;0;0;0;0;1;0;Cruzamento;Bom;Não existe;Incompleta;Seca;Perfeito estado;Não existe;"Placas ""Pare""";;Única;Faixa seccionada;;
2021-06-15;13:36:00;COM VITIMA;FINALIZADA;ESPINHEIRO;RUA DA HORA;628;;APÓS O BRADESCO;ESPINHEIRO;;;COLISÃO COM CICLISTA;1;0;0;1;0;0;0;0;0;1;0;Longo da via;Bom;Não existe;Perfeito estado;Seca;Perfeito estado;Outros;Não há placas;;Única;Não existe;;
2021-06-15;15:32:00;COM VITIMA;CANCELADA;CASA AMARELA;AV DR EURICO CHAVES;957;;PRÓX À PADARIA MANDACARU;CASA AMARELA;;;COLISÃO LATERAL;2;1;0;0;0;0;0;0;0;1;0;;;;;;;;;;;;;
2021-06-15;16:22:00;COM VITIMA;FINALIZADA;MACAXEIRA;RUA TEREZA CARNEIRO;115;;PROXIMO A QUITANDA DO DINHO;MACAXEIRA;;SUBURBIO;COLISÃO LATERAL;0;1;0;0;0;0;0;1;0;2;0;Longo da via;Chuvoso;Não existe;Não existente;Molhada;Mal conservada;Não existe;Não há placas;;Dupla;Não existe;;
2021-06-15;18:28:00;SEM ViTIMA;CANCELADA;BEBERIBE;RUA URIEL DE HOLANDA;160;;ENTRADA DE DOIS UNIDOS. APÓS A PRAÇA DA CONVENÇÃO;BEBERIBE;;;APOIO COMPESA;0;0;0;0;0;0;0;0;0;0;0;;;;;;;;;;;;;
2021-06-16;12:38:00;COM VITIMA;FINALIZADA;BOA VIAGEM;RUA DEZ DE JULHO;481;RUA CAMBOIM;AO LADO DA MAISON CHRISTAL RECEPÇÕES;BOA VIAGEM;;CIDADE;COLISÃO LATERAL;1;1;0;0;0;0;0;0;0;1;0;Cruzamento;Bom;Não existe;Perfeito estado;Seca;Perfeito estado;Faixa de pedestre;"Placas ""Pare""";30 km/h;Única;Faixa contínua;Faixa seccionada;
2021-06-16;15:45:00;COM VITIMA;FINALIZADA;ENCRUZILHADA;RUA CASTRO ALVES;767;;PRÓX À CHURRASCARIA LEITÃO;ENCRUZILHADA;377;SUBURBIO;COLISÃO LATERAL;1;1;0;0;0;0;0;0;0;1;0;Longo da via;Bom;Sem defeito;Perfeito estado;Seca;Perfeito estado;Faixa de pedestre;Outras;;Única;Faixa contínua;Faixa seccionada;
2021-06-16;16:10:00;COM VITIMA;FINALIZADA;BEBERIBE;PRC DA CONVENCAO;4592;;E/F AIGREJA BATISTA  E O MAGAZINE LUIZA;BEBERIBE;;SUBURBIO;ATROPELAMENTO DE PESSOA;0;1;0;0;1;0;0;0;0;2;0;Longo da via;Bom;Sem defeito;Perfeito estado;Seca;Perfeito estado;Outros;Não há placas;;Dupla;Faixa contínua;Faixa seccionada;
2021-06-16;17:59:00;COM VITIMA;FINALIZADA;AREIAS;AV DR JOSE RUFINO;;;E/F AO CT DA HONDA;AREIAS;;SUBURBIO;COLISÃO FRONTAL;0;2;0;0;0;0;0;0;0;1;0;Longo da via;Bom;Não existe;Perfeito estado;Seca;Perfeito estado;Não existe;Não há placas;;Dupla;Faixa contínua;;
2021-06-17;18:38:00;SEM ViTIMA;FINALIZADA;MADALENA;AV BEIRA RIO;591;;E/F AO EDF SOBRADO DO CAPIBARIBE;MADALENA;;;COLISÃO LATERAL;3;0;0;0;0;0;0;0;0;0;0;;;;;;;;;;;;;
2021-06-17;19:07:00;COM VITIMA;FINALIZADA;SANTO AMARO;AV MARIO MELO;;AV CRUZ CABUGA;SEMÁFORO 171 / SNT SUB-CID;SANTO AMARO;171;CIDADE;COLISÃO FRONTAL;0;1;0;0;0;1;0;0;0;1;0;Cruzamento;Bom;Sem defeito;Perfeito estado;Seca;Perfeito estado;Outros;R-4a;;Dupla;Faixa contínua;;
2021-06-17;19:24:00;COM VITIMA;FINALIZADA;VÁRZEA;RUA ENGENHEIRO VASCONCELOS BITTENCOURT;330;RUA ABATIA;E/F A PRC DO CAXITO;VÁRZEA;;SUBURBIO;ATROPELAMENTO DE PESSOA;0;1;0;0;1;0;0;0;0;1;0;Longo da via;Bom;Não existe;Não existente;Seca;Perfeito estado;Não existe;Não há placas;30 km/h;Dupla;Não existe;;
2021-06-17;20:41:40;SEM ViTIMA;FINALIZADA;BOA VIAGEM;RUA CORONEL ANIZIO RODRIGUES COELHO;678;;E/F AO EDF CASTELO DE VAN GOGH / PRÓX A IGREJA NOSSA SENHORA DE FATIMA;BOA VIAGEM;;;ENGAVETAMENTO;3;0;0;0;0;0;0;0;0;0;0;;;;;;;;;;;;;
2021-06-17;21:00:40;COM VITIMA;FINALIZADA;BOA VIAGEM;RUA GENERAL SALGADO;820;RUA COSMORAMA;NO CRUZAMENTO MESMO;BOA VIAGEM;;SUBURBIO;COLISÃO LATERAL;1;1;0;0;0;0;0;0;0;1;0;Cruzamento;Chuvoso;Não existe;Perfeito estado;Molhada;Perfeito estado;Não existe;"Placas ""Pare""";40 km/h;Dupla;;;
2021-06-17;21:01:40;SEM ViTIMA;FINALIZADA;ARRUDA;RUA DO MACHADO;886;;PRÓX AO EMPORIO DA CERVEJA;ARRUDA;;;COLISÃO LATERAL;1;0;0;0;0;0;0;1;0;0;0;;;;;;;;;;;;;
2021-06-18;03:37:00;SEM ViTIMA;FINALIZADA;SANTO AMARO;AV GOVERNADOR AGAMENON MAGALHAES;;;POSTO BR, SENTIDO OLINDA;SANTO AMARO;378;;CHOQUE;1;0;0;0;0;0;0;0;0;0;0;;;;;;;;;;;;;
2021-06-18;19:11:00;SEM ViTIMA;CANCELADA;JARDIM SÃO PAULO;RUA LEANDRO BARRETO;385;;E/F A PÁDARIA SABORES DA PRAÇA;JARDIM SÃO PAULO;;;COLISÃO TRASEIRA;2;0;0;0;0;0;0;0;0;0;0;;;;;;;;;;;;;
2021-06-19;08:23:00;COM VITIMA;FINALIZADA;CORDEIRO;AV CAXANGA;2900;;SUPERMERCADO EXTRA;CORDEIRO;;SUBURBIO;CHOQUE;0;1;0;0;0;0;0;0;0;1;0;Longo da via;Chuvoso;Não existe;Perfeito estado;Molhada;Perfeito estado;Não existe;Não há placas;;Dupla;Canteiro central;;
2021-06-19;08:50:00;COM VITIMA;CANCELADA;MADALENA;RUA JOSE OSORIO;877;;EM FRENTE A LOJA SEU CARANGO;MADALENA;;;COLISÃO TRASEIRA;1;1;0;0;0;0;0;0;0;1;0;;;;;;;;;;;;;
2021-06-19;13:17:00;COM VITIMA;FINALIZADA;CAMPO GRANDE;AV CORREIA DE BRITO;;;EM FRENTE A CONSTRUTORA PLINIO CAVALCANTI;CAMPO GRANDE;;SUBURBIO;COLISÃO FRONTAL;1;1;0;0;0;0;0;0;0;1;0;Longo da via;Bom;Não existe;Não existente;Seca;Perfeito estado;Não existe;Não há placas;;Dupla;Não existe;;
2021-06-19;16:33:00;SEM ViTIMA;FINALIZADA;IPSEP;AV RECIFE;;;LADO OPOSTO AO POSTO DE COMBUSTIVEIS FEDERAL;IPSEP;;SUBURBIO;CAPOTAMENTO;1;0;0;0;0;0;0;0;0;0;0;Longo da via;Chuvoso;Não existe;Perfeito estado;Molhada;Perfeito estado;Não existe;Não há placas;;Dupla;Faixa contínua;Faixa seccionada;Canteiro central
2021-06-19;17:09:00;COM VITIMA;FINALIZADA;SÃO JOSÉ;RUA IMPERIAL;;RUA BOM SUCESSO;APOS O COLEGIO JOAQUIM NABUCO  VT  01  ESTA NO LOCAL AGUARDANDO A VT 22;SÃO JOSÉ;;AFOGADOS;COLISÃO LATERAL;1;1;0;0;0;0;0;0;0;1;0;Cruzamento;Chuvoso;Não existe;Incompleta;Molhada;Perfeito estado;Não existe;Outras;40 km/h;Única;Não existe;;
2021-06-19;17:49:00;SEM ViTIMA;FINALIZADA;BAIRRO DO RECIFE;AV RIO BRANCO;;;APOS A POLICIA FEDERAL;BAIRRO DO RECIFE;19;;;1;0;0;0;0;0;0;1;0;0;0;Longo da via;Bom;Sem defeito;Perfeito estado;Molhada;Perfeito estado;Faixa de pedestre;R-6c;;Dupla;Faixa contínua;Faixa seccionada;
2021-06-19;21:06:40;SEM ViTIMA;CANCELADA;IPUTINGA;EST DO BARBALHO;1365;;EM FRENTE A GRANJA DE BIRA;IPUTINGA;;;COLISÃO LATERAL;4;0;0;0;0;0;0;0;0;0;0;;;;;;;;;;;;;
2021-06-19;22:49:40;COM VITIMA;FINALIZADA;BOA VIAGEM;RUA HENRIQUE CAPITULINO;143;AV CONSELHEIRO AGUIAR;COM A  AV  CONS AGUIAR;BOA VIAGEM;143;CIDADE;COLISÃO FRONTAL;1;1;0;0;0;0;0;0;0;1;0;Cruzamento;Chuvoso;Sem defeito;Perfeito estado;Molhada;Perfeito estado;Faixa de pedestre;Outras;;Única;Faixa seccionada;;
2021-06-21;07:11:00;COM VITIMA;CANCELADA;IPUTINGA;RUA BARAO DE ITAPISSUMA;;;PROX AO POSTO DE GASOLINA ECOPOSTO /  ESQ COM A IGREJA PRIMEIRA BATISTA DA IPUTINGA;IPUTINGA;;;COLISÃO TRASEIRA;1;1;0;0;0;0;0;0;0;1;0;;;;;;;;;;;;;
2021-06-21;12:39:00;SEM ViTIMA;FINALIZADA;ENCRUZILHADA;RUA DONA ELVIRA;194;RUA FREDERICO;PROX A CONFRARIA DO MAR;ENCRUZILHADA;;;COLISÃO LATERAL;2;0;0;0;0;0;0;0;0;0;0;;;;;;;;;;;;;
2021-06-21;12:44:00;COM VITIMA;FINALIZADA;PORTO DA MADEIRA;AV BEBERIBE;4333;;POSTO SINIVI;PORTO DA MADEIRA;;CIDADE;ATROPELAMENTO DE PESSOA;0;1;0;0;1;0;0;0;0;1;0;Longo da via;Bom;Não existe;Perfeito estado;Seca;Mal conservada;Não existe;Não há placas;;Dupla;Faixa contínua;;
2021-06-21;13:23:00;COM VITIMA;FINALIZADA;CASA AMARELA;AV NORTE;;;EM FRENTE À PRAÇA DO TRABALHO;CASA AMARELA;676;SUBURBIO;COLISÃO LATERAL;0;1;0;0;0;2;0;0;0;2;0;Longo da via;Bom;Sem defeito;Perfeito estado;Seca;Perfeito estado;Faixa de pedestre;Não há placas;60 km/h;Dupla;Canteiro central;;
2021-06-21;14:08:00;SEM ViTIMA;FINALIZADA;SANTO AMARO;AV DR JAYME DA FONTE;;;E/F AO CAMPO DO ONZE;SANTO AMARO;;;COLISÃO TRASEIRA;2;0;0;0;0;0;0;0;0;0;0;;;;;;;;;;;;;
2021-06-21;20:46:40;SEM ViTIMA;FINALIZADA;GRAÇAS;AV CONS ROSA E SILVA;;RUA AMELIA;CRUZAMENTO;GRAÇAS;46;;COLISÃO LATERAL;1;0;1;0;0;0;0;0;0;0;0;;;;;;;;;;;;;
2021-06-21;22:20:40;COM VITIMA;CANCELADA;CASA FORTE;AV DEZESSETE DE AGOSTO;;RUA PIAUI;PRÓX AO MUSEU DO HOMEM DO NORDESTE / SEMÁFORO 251;CASA FORTE;;;COLISÃO LATERAL;1;1;0;0;0;0;0;0;0;1;0;;;;;;;;;;;;;
2021-06-22;07:32:00;COM VITIMA;FINALIZADA;SANTO AMARO;RUA PEDRO AFONSO;;RUA TREZE DE MAIO;SER EDUCACIONAL E SESC/ IML;SANTO AMARO;427;CIDADE;COLISÃO TRANSVERSAL;1;1;0;0;0;0;0;0;0;1;0;;;;;;;;;;;;;
2021-06-22;08:30:00;COM VITIMA;FINALIZADA;APIPUCOS;RUA DE APIPUCOS;355;;EDIF. ARQUIPELAGO DOS AÇORES.;APIPUCOS;;CIDADE;QUEDA;0;1;0;0;0;0;0;0;0;2;0;;;;;;;;;;;;;
2021-06-22;08:32:00;COM VITIMA;FINALIZADA;ÁGUA FRIA;AV BEBERIBE;418;RUA PROFESSOR OTAVIO DE FREITAS;;ÁGUA FRIA;;SUBURBIO;COLISÃO LATERAL;0;1;0;0;0;1;0;0;0;1;0;Longo da via;Bom;Não existe;;Seca;;Outros;Outras;;Dupla;Faixa contínua;;
2021-06-22;09:48:00;COM VITIMA;FINALIZADA;BOA VIAGEM;RUA VISCONDE DE JEQUITINHONHA;420;;LADO OPOSTO À ACADEMIA SELF IT;BOA VIAGEM;433;SUBURBIO;COLISÃO TRASEIRA;3;1;0;0;0;0;0;0;0;1;0;;;;;;;;;;;;;
2021-06-22;11:42:00;COM VITIMA;FINALIZADA;IPUTINGA;AV CAXANGA;;;AO LADO DA AUTO ESC. ESTRELA;IPUTINGA;;;COLISÃO TRANSVERSAL;1;1;0;0;0;0;0;0;0;1;0;;;;;;;;;;;;;
2021-06-22;15:53:00;COM VITIMA;FINALIZADA;IMBIRIBEIRA;RUA ITAJAI;;RUA IRAPUA;PADARIA PORTO DELICATESSEN;IMBIRIBEIRA;;;COLISÃO LATERAL;4;0;0;0;0;0;0;0;0;1;0;;;;;;;;;;;;;
2021-06-22;18:44:00;COM VITIMA;FINALIZADA;CASA AMARELA;AV DR EURICO CHAVES;851;;E/F A ACADEMIA ACTION FITNESS;CASA AMARELA;;;COLISÃO LATERAL;0;0;0;0;0;0;0;0;0;1;0;;;;;;;;;;;;;
2021-06-23;00:12:00;COM VITIMA;FINALIZADA;PINA;AV CONSELHEIRO AGUIAR;857;;EM FRENTE À BARBEARIA TRÓIS;PINA;;CIDADE;COLISÃO TRASEIRA;1;1;0;0;0;0;0;0;0;1;0;;;;;;;;;;;;;
2021-06-23;07:24:00;COM VITIMA;FINALIZADA;BOA VIAGEM;RUA BRUNO VELOSO;3722;AV BOA VIAGEM;EM FRENTE AO ED LITORANIOS;BOA VIAGEM;120;CIDADE;COLISÃO TRASEIRA;1;1;0;0;0;0;0;0;0;1;0;;;;;;;;;;;;;
2021-06-23;08:01:00;COM VITIMA;FINALIZADA;GRAÇAS;AV GOVERNADOR AGAMENON MAGALHAES;;RUA DR BANDEIRA FILHO;CLUBE PORTUGUÊS;GRAÇAS;173;;COLISÃO TRASEIRA;0;2;0;0;0;0;0;0;0;1;0;Longo da via;Bom;Sem defeito;Perfeito estado;Seca;Perfeito estado;Faixa de pedestre;Não há placas;60 km/h;Única;Faixa contínua;;
2021-06-23;11:54:00;COM VITIMA;FINALIZADA;TEJIPIÓ;RUA APRIGIO GUIMARAES;641;;PROX. AO HOSP. OTÁVIO DE FREITAS;TEJIPIÓ;;SUBURBIO;COLISÃO TRASEIRA;1;1;0;0;0;0;0;0;0;1;0;;;;;;;;;;;;;
2021-06-23;18:59:00;SEM ViTIMA;FINALIZADA;MADALENA;AV VISCONDE DE ALBUQUERQUE;232;RUA GALVAO RAPOSO;SEMAFORO 576  / E/F AO EDF VILLA BARILOCHE / PRÓX AO POSTO IPIRANGA;MADALENA;576;;COLISÃO LATERAL;2;0;0;0;0;0;0;0;0;0;0;;;;;;;;;;;;;
2021-06-23;23:19:40;SEM ViTIMA;FINALIZADA;IMBIRIBEIRA;AV MARECHAL MASCARENHAS DE MORAES;4861;;E/F A FACULDADE PERNAMBUCANA;IMBIRIBEIRA;;;COLISÃO TRASEIRA;2;0;0;0;0;0;0;0;0;0;0;;;;;;;;;;;;;
2021-06-24;02:22:00;SEM ViTIMA;FINALIZADA;IMBIRIBEIRA;AV MARECHAL MASCARENHAS DE MORAES;;;;IMBIRIBEIRA;631;;COLISÃO TRANSVERSAL;2;0;0;0;0;0;0;0;0;0;0;;;;;;;;;;;;;
2021-06-24;07:25:00;COM VITIMA;FINALIZADA;ESPINHEIRO;RUA QUARENTA E OITO;261;RUA DA HORA;NA ESQUINA DO LABORATÓRIO CERPE;ESPINHEIRO;21;CIDADE;COLISÃO FRONTAL;1;0;1;0;0;0;0;0;0;1;0;;;;;;;;;;;;;
2021-06-24;12:01:00;SEM ViTIMA;FINALIZADA;IPSEP;RUA JEAN EMILE FAVRE;;RUA POTENGI;FARMÁCIA DIARIAMENTE;IPSEP;564;CIDADE;COLISÃO TRANSVERSAL;2;0;0;0;0;0;0;0;0;0;0;;;;;;;;;;;;;
2021-06-24;22:31:40;SEM ViTIMA;CANCELADA;CORDEIRO;AV GENERAL SAN MARTIN;;;E/F AO HOSPITAL GETULIO VARGAS E POSTO SANTA TEREZINHA;CORDEIRO;;;CHOQUE;1;0;0;0;0;0;0;0;0;0;0;;;;;;;;;;;;;
2021-06-25;07:03:00;COM VITIMA;FINALIZADA;TAMARINEIRA;AV NORTE;3733;;EM FRENTE A FABRICA DE BOLO;TAMARINEIRA;;;COLISÃO FRONTAL;0;2;0;0;0;0;0;0;0;1;0;;;;;;;;;;;;;
2021-06-25;07:58:00;COM VITIMA;FINALIZADA;BOA VISTA;AV GOVERNADOR AGAMENON MAGALHAES;2807;;EM FRENTE AO CIRCULO MILITAR, SENT. OLINDA;BOA VISTA;;;COLISÃO LATERAL;1;1;0;0;0;0;0;0;0;1;0;;;;;;;;;;;;;
2021-06-25;14:46:00;COM VITIMA;FINALIZADA;TAMARINEIRA;RUA CONEGO BARATA;;;PROXIMO A PADARIA MANA/ SENTIDO ÁGUA FRIA;TAMARINEIRA;;;COLISÃO LATERAL;1;1;0;0;0;0;0;0;0;1;0;;;;;;;;;;;;;
2021-06-25;15:14:00;COM VITIMA;FINALIZADA;ROSARINHO;AV NORTE;;;E/F A PADARIA DO ROSARINHO S/T CID;ROSARINHO;;CIDADE;COLISÃO LATERAL;2;1;0;0;0;0;0;0;0;1;0;;;;;;;;;;;;;
2021-06-25;18:20:00;SEM ViTIMA;FINALIZADA;BAIRRO DO RECIFE;;;;PONTE 12 DE SETEMBRO / EM FRENTE AO SEMÁFORO DE Nº473;BAIRRO DO RECIFE;473;SUBURBIO;COLISÃO COM CICLISTA;1;0;0;1;0;0;0;0;0;0;0;;;;;;;;;;;;;
2021-06-25;18:37:00;COM VITIMA;FINALIZADA;VÁRZEA;AV AFONSO OLINDENSE;;;E/F AO RESIDENCIAL ELIS REGINA;VÁRZEA;;;COLISÃO TRASEIRA;1;1;0;0;0;0;0;0;0;1;0;;;;;;;;;;;;;
2021-06-25;20:50:40;COM VITIMA;CANCELADA;DOIS UNIDOS;SUB DA MEDALHA MILAGROSA;81;;PRÓX AO CAMPO DO CAFÉ;DOIS UNIDOS;;;COLISÃO FRONTAL;1;1;0;0;0;0;0;0;0;1;0;;;;;;;;;;;;;
2021-06-26;00:34:00;COM VITIMA;FINALIZADA;IMBIRIBEIRA;AV MARECHAL MASCARENHAS DE MORAES;2690;1 TRV JUSTICA E PAZ;APÓS A FERREIRA COSTA - E/F AO BANCO ITAÚ - SENTIDO AFOGADOS;IMBIRIBEIRA;225;CID;CHOQUE;1;1;0;0;0;0;0;0;0;2;0;;;;;;;;;;;;;
2021-06-26;00:42:00;COM VITIMA;FINALIZADA;BOA VIAGEM;RUA DEZ DE JULHO;;RUA CAMBOIM;CRUZAMENTO C/A RUA CAMBOIM - APÓS A ESTAÇÃO DO METRÔ;BOA VIAGEM;;;COLISÃO LATERAL;1;1;0;0;0;0;0;0;0;1;0;;;;;;;;;;;;;
2021-06-26;06:07:00;COM VITIMA;FINALIZADA;AFOGADOS;AV SUL;;;APÓS A POLICLINICA DE AFOGADOS;AFOGADOS;;CIDADE;COLISÃO TRANSVERSAL;1;1;0;0;0;0;0;0;0;2;0;;;;;;;;;;;;;
2021-06-26;06:29:00;COM VITIMA;FINALIZADA;IPSEP;RUA JEAN EMILE FAVRE;;RUA POTENGY;PROX. A FEIJOADA DO VAVÁ;IPSEP;564;;COLISÃO FRONTAL;1;1;0;0;0;0;0;0;0;1;0;;;;;;;;;;;;;
2021-06-27;11:05:00;SEM ViTIMA;FINALIZADA;CAXANGÁ;AV CAXANGA;;;INTEGRAÇÃO DA CAXANGÁ, PROX. A UPA;CAXANGÁ;;;CHOQUE;0;0;0;0;0;0;0;1;0;0;0;;;;;;;;;;;;;
2021-06-27;16:50:00;COM VITIMA;CANCELADA;IBURA;AV DOIS RIOS;;;EM FRENTE A IGREJA EL SHADDAI E AO PET SHOP CÃOBELELEIRO;IBURA;;;COLISÃO FRONTAL;1;1;0;0;0;0;0;0;0;1;0;;;;;;;;;;;;;
2021-06-27;18:50:00;COM VITIMA;FINALIZADA;IPSEP;RUA JEAN EMILE FAVRE;;;E/F A PADARIA PAO NORTE;IPSEP;;;COLISÃO FRONTAL;1;0;0;0;0;0;0;0;0;2;0;;;;;;;;;;;;;
2021-06-28;08:45:00;COM VITIMA;FINALIZADA;VÁRZEA;RUA SOLDADO MARIO KOSEL FILHO;;RUA INALDO BARTOLOMEU DE CARVALHO;PROX. A IGREJA ASSEMBLEIA DE DEUS;VÁRZEA;;;ATROPELAMENTO DE PESSOA;0;0;0;0;1;0;1;0;0;1;0;;;;;;;;;;;;;
2021-06-28;11:36:00;COM VITIMA;FINALIZADA;PINA;AV BOA VIAGEM;9;;E/F AO POSTO PETROBRÁS BR;PINA;104;CIDADE;COLISÃO LATERAL;1;1;0;0;0;0;0;0;0;1;0;;;;;;;;;;;;;
2021-06-28;12:53:00;COM VITIMA;FINALIZADA;ESTÂNCIA;AV RECIFE;272;;ANTIGA CIROL ROYAL / SENTIDO CEASA;ESTÂNCIA;;SUBURBIO;COLISÃO LATERAL;0;1;0;0;0;0;1;0;0;1;0;;;;;;;;;;;;;
2021-06-28;13:48:00;COM VITIMA;FINALIZADA;CASA FORTE;AV DEZESSETE DE AGOSTO;357;;EM  FRENTE À FARMÁCIA PAGUE MENOS;CASA FORTE;614;CIDADE;COLISÃO LATERAL;2;1;0;0;0;0;0;0;0;1;0;;;;;;;;;;;;;
2021-06-28;14:56:00;SEM ViTIMA;FINALIZADA;TORRE;RUA MARQUES DE MARICA;236;RUA SOUZA BANDEIRA;ESQUINA DO EDIFICIO VIVENDA DOS GIRASSOIS 236;TORRE;317;CIDADE;COLISÃO TRASEIRA;2;0;0;0;0;0;0;0;0;0;0;;;;;;;;;;;;;
2021-06-29;10:30:00;SEM ViTIMA;FINALIZADA;APIPUCOS;RUA DOIS IRMAOS;;AV DA RECUPERACAO;;APIPUCOS;416;;COLISÃO LATERAL;0;2;0;0;0;0;0;0;0;0;0;;;;;;;;;;;;;
2021-06-29;10:39:00;COM VITIMA;FINALIZADA;BOA VIAGEM;AV ENGENHEIRO DOMINGOS FERREIRA;2600;;EM FRENTE A FARMACIA INDEPENDENTE;BOA VIAGEM;;;COLISÃO TRASEIRA;1;1;0;0;0;0;0;0;0;1;0;;;;;;;;;;;;;
2021-06-29;11:05:00;SEM ViTIMA;FINALIZADA;CORDEIRO;AV PROFESSOR ESTEVAO FRANCISCO DA COSTA;;RUA ODETE MONTEIRO;MARTELINHO DE OURO PREMIUM E O POSTO PETROCAL;CORDEIRO;;;COLISÃO FRONTAL;1;0;0;0;0;0;0;1;0;0;0;;;;;;;;;;;;;