data;hora;natureza_acidente;situacao;bairro;endereco;numero;detalhe_endereco_acidente;complemento;bairro_cruzamento;num_semaforo;sentido_via;tipo;auto;moto;ciclom;ciclista;pedestre;onibus;caminhao;viatura;outros;vitimas;vitimasfatais;acidente_verificado;tempo_clima;situacao_semaforo;sinalizacao;condicao_via;conservacao_via;ponto_controle;situacao_placa;velocidade_max_via;mao_direcao;divisao_via1;divisao_via2;divisao_via3
2021-06-29;11:31:00;SEM ViTIMA;FINALIZADA;CORDEIRO;RUA MARIA QUITERIA;168;;E/F AO EDF. RIO JARI;CORDEIRO;;;COLISÃO LATERAL;1;0;0;0;0;0;0;1;0;0;0;;;;;;;;;;;;;
2021-06-29;11:39:00;VITIMA FATAL;FINALIZADA;SANTO AMARO;AV NORTE;785;RUA TREZE DE MAIO;ESQUINA COM A RUA TREZE DE MAIO;SANTO AMARO;;CIDADE;ATROPELAMENTO DE PESSOA;1;0;0;0;1;0;0;0;0;1;1;;;;;;;;;;;;;
2021-06-29;11:55:00;COM VITIMA;FINALIZADA;ÁGUA FRIA;AV BEBERIBE;2275;;E/F AO SUPERMERCADO SOBERANO;ÁGUA FRIA;;;COLISÃO LATERAL;1;1;0;0;0;0;0;0;0;1;0;;;;;;;;;;;;;
2021-06-29;13:21:00;COM VITIMA;FINALIZADA;IMBIRIBEIRA;AV MARECHAL MASCARENHAS DE MORAES;;;EM FRENTE AO GERALDÃO/ SENTIDO CIDADE;IMBIRIBEIRA;;;COLISÃO TRASEIRA;1;1;0;0;0;0;0;0;0;1;0;;;;;;;;;;;;;
2021-06-29;17:07:00;SEM ViTIMA;FINALIZADA;MACAXEIRA;AV NORTE;;;PROX  A ESCOLA  DO ESTADUAL MARILIA AMALIA;MACAXEIRA;;;COLISÃO LATERAL;0;1;0;0;0;0;0;1;0;0;0;;;;;;;;;;;;;
2021-06-29;20:59:40;COM VITIMA;FINALIZADA;CAMPO GRANDE;RUA ODORICO MENDES;598;;AO LADO DA CENTRAL DE FLAGRANTES;CAMPO GRANDE;;;ATROPELAMENTO DE PESSOA;0;1;0;0;1;0;0;0;0;1;0;;;;;;;;;;;;;
2021-06-29;22:20:40;SEM ViTIMA;FINALIZADA;CAMPO GRANDE;RUA ODORICO MENDES;598;;AO LADO DA CENTRAL DE FLAGRANTES;CAMPO GRANDE;;;COLISÃO TRASEIRA;3;0;0;0;0;0;0;0;0;0;0;;;;;;;;;;;;;
2021-06-30;09:24:00;COM VITIMA;FINALIZADA;TORRÕES;RUA DR MIGUEL VIEIRA FERREIRA;275;;EM FRENTE AO BETO BEBIDAS;TORRÕES;;;ATROPELAMENTO DE PESSOA;1;0;0;0;1;0;0;0;0;1;0;;;;;;;;;;;;;
2021-06-30;10:19:00;COM VITIMA;FINALIZADA;SANCHO;AV LIBERDADE;612;;100 METROS ANTES DA IGREJA ASSEMBLEIA DE DEUS;SANCHO;;;COLISÃO LATERAL;1;1;0;0;0;0;0;0;0;1;0;;;;;;;;;;;;;
2021-06-30;11:40:00;COM VITIMA;FINALIZADA;AFOGADOS;RUA DA PAZ;388;;E/F A FIGUEIRAS CALÇADOS;AFOGADOS;;;ATROPELAMENTO DE PESSOA;1;0;0;0;1;0;0;0;0;1;0;;;;;;;;;;;;;
2021-06-30;13:44:00;COM VITIMA;CANCELADA;CASA FORTE;AV DEZESSETE DE AGOSTO;;;EM FRENTE AO CENTRO MÉDICO SEN. JOSÉ ERMÍRIO DE MORAES;CASA FORTE;;;COLISÃO TRASEIRA;1;1;0;0;0;0;0;0;0;1;0;;;;;;;;;;;;;
2021-06-30;14:34:00;COM VITIMA;FINALIZADA;CASA AMARELA;AV NORTE;667;;;CASA AMARELA;;;COLISÃO TRANSVERSAL;0;2;0;0;0;0;0;0;0;1;0;;;;;;;;;;;;;
2021-06-30;16:40:00;COM VITIMA;FINALIZADA;SÃO JOSÉ;AV SUL;;;EM FRENTE A POLICLINICA DE AFOGADOS;SÃO JOSÉ;;;QUEDA;0;0;0;0;0;0;0;0;0;1;0;;;;;;;;;;;;;
2021-06-30;16:54:00;COM VITIMA;FINALIZADA;ROSARINHO;AV NORTE;;;EM FRENTE A PRAÇA DO ROSARINHO;ROSARINHO;;;COLISÃO LATERAL;1;1;0;0;0;0;0;0;0;1;0;;;;;;;;;;;;;
2021-06-30;19:09:00;COM VITIMA;FINALIZADA;AREIAS;AV DR JOSE RUFINO;;;PROX A HONDA;AREIAS;;;COLISÃO FRONTAL;1;1;0;0;0;0;0;0;0;1;0;;;;;;;;;;;;;
2021-06-30;20:02:00;COM VITIMA;CANCELADA;JARDIM SÃO PAULO;RUA LEANDRO BARRETO;;;E/F AO SUPER MERCADO COMPRA MAIS;JARDIM SÃO PAULO;;;COLISÃO FRONTAL;1;1;0;0;0;0;0;0;0;1;0;;;;;;;;;;;;;
2021-07-01;07:58:00;COM VITIMA;FINALIZADA;SANTO AMARO;RUA IMPERADOR PEDRO SEGUNDO;;RUA PRIMEIRO DE MARCO;EM FRENTE AO BANCO ITAÚ;SANTO AMARO;18;;COLISÃO TRANSVERSAL;1;1;0;0;0;0;0;0;0;1;0;Cruzamento;Chuvoso;Sem defeito;Perfeito estado;Molhada;Perfeito estado;Faixa de pedestre;Outras;40 km/h;Única;Faixa seccionada;;
2021-07-01;13:56:00;COM VITIMA;FINALIZADA;ESPINHEIRO;RUA AFONSO BATISTA;239;RUA GOMES PACHECO;PRÓX AO CHINA BAR;ESPINHEIRO;;SUBURBIO;COLISÃO LATERAL;1;1;0;0;0;0;0;0;0;1;0;Esquina;Bom;Não existe;Perfeito estado;Seca;Perfeito estado;Outros;"Placas ""Pare""";;Dupla;Não existe;;
2021-07-01;14:46:00;VITIMA FATAL;FINALIZADA;BOA VIAGEM;AV BOA VIAGEM;;;PRÓXIMO AO HOSPITAL DE AERONÁLTICA;BOA VIAGEM;;CIDADE;QUEDA;1;1;0;0;0;0;0;0;0;1;1;Longo da via;Bom;Não existe;Perfeito estado;Seca;Perfeito estado;Não existe;Não há placas;;Única;Faixa seccionada;;
2021-07-01;18:15:00;COM VITIMA;FINALIZADA;BOA VISTA;RUA DO RIACHUELO;1038;;;BOA VISTA;;CIDADE;COLISÃO FRONTAL;2;0;1;0;0;0;0;0;0;2;0;Longo da via;Bom;Não existe;Perfeito estado;Seca;Perfeito estado;Não existe;R-6a;;Única;Faixa contínua;;
2021-07-01;22:42:40;COM VITIMA;FINALIZADA;SANTO AMARO;RUA FREI CASSIMIRO;626;RUA FRANCISCO JACINTO;E/F A DELEGACIA;SANTO AMARO;;SUBURBIO;COLISÃO LATERAL;1;1;0;0;0;0;0;0;0;1;0;Cruzamento;Chuvoso;Não existe;Incompleta;Molhada;Mal iluminada;Não existe;Não há placas;;Dupla;Canteiro central;;
2021-07-02;07:54:00;COM VITIMA;FINALIZADA;CORDEIRO;EST DO FORTE DO ARRAIAL N. DO B. JESUS;341;RUA AUREO XAVIER;E/F AO RESTAURANTE O PESCADOR;CORDEIRO;;;COLISÃO LATERAL;1;1;0;0;0;0;0;0;0;1;0;Longo da via;Bom;Não existe;Perfeito estado;Seca;Perfeito estado;;Outras;;Dupla;Faixa contínua;;
2021-07-02;09:31:00;SEM ViTIMA;FINALIZADA;CASA FORTE;AV DEZESSETE DE AGOSTO;;RUA JORGE DE ALBUQUERQUE;;CASA FORTE;251;SUBURBIO;;2;0;0;0;0;0;0;0;0;0;0;Cruzamento;Bom;Sem defeito;Perfeito estado;Seca;Perfeito estado;Faixa de pedestre;Outras;;Dupla;Faixa contínua;;
2021-07-02;09:50:00;COM VITIMA;FINALIZADA;BOA VIAGEM;RUA SA E SOUZA;845;RUA DR LUIZ INACIO PESSOA DE MELO;PROX. AO RM EXPRESS;BOA VIAGEM;;SUBURBIO;COLISÃO LATERAL;1;1;0;0;0;0;0;0;0;1;0;Cruzamento;Bom;Não existe;Perfeito estado;Seca;Perfeito estado;Não existe;R-6a;;Dupla;Não existe;;
2021-07-02;11:16:00;COM VITIMA;FINALIZADA;ALTO JOSÉ BONIFÁCIO;RUA CORREGO DO EUCLIDES;258;;PROX. A UPA E O TERMINAL DE ONIBUS DO COR. DO EUCLIDES;ALTO JOSÉ BONIFÁCIO;;CIDADE;COLISÃO COM CICLISTA;1;1;0;0;0;0;0;0;0;1;0;Longo da via;Bom;Não existe;Não existente;Seca;Mal conservada;Não existe;Não há placas;;Dupla;Não existe;;
2021-07-02;11:48:00;COM VITIMA;FINALIZADA;IPSEP;AV RECIFE;2739;;EM FRENTE A PIZZARIA ATLANTICO;IPSEP;;SUBURBIO;COLISÃO LATERAL;1;1;0;0;0;0;0;0;0;1;0;Longo da via;Bom;Não existe;Perfeito estado;Seca;Perfeito estado;Não existe;Não há placas;;Dupla;Canteiro central;;
2021-07-02;15:09:00;COM VITIMA;FINALIZADA;CAXANGÁ;AV JOAQUIM RIBEIRO;;RUA RIBEIRO PESSOA;EM FRENTE UPA /SENTIDO DOIS IRMÃO;CAXANGÁ;281;SUBURBIO;COLISÃO TRANSVERSAL;0;1;0;0;0;0;0;0;0;1;0;Cruzamento;Bom;Sem defeito;Perfeito estado;Seca;Perfeito estado;Agente;;60 km/h;Única;Canteiro central;;
2021-07-02;15:45:00;COM VITIMA;FINALIZADA;CORDEIRO;AV CAXANGA;2694;;LADO OPOSTO AO ARMAZEM HELENA/ SENTIDO CIDADE;CORDEIRO;;CIDADE;ATROPELAMENTO DE PESSOA;2;0;0;0;1;0;0;0;0;1;0;Longo da via;Bom;Não existe;Perfeito estado;Seca;Perfeito estado;Faixa de retenção;"Placas ""Pare""";;Única;Não existe;;
2021-07-02;17:09:00;COM VITIMA;FINALIZADA;CAMPO GRANDE;EST DE BELEM;;;EM FRENTE AO SUPERMERCADO STTYLLO;CAMPO GRANDE;;;COLISÃO LATERAL;1;1;0;0;0;0;0;0;0;1;0;;;;;;;;;;;;;
2021-07-02;18:41:00;COM VITIMA;FINALIZADA;IBURA;AV DOIS RIOS;;;E/F AUPAE;IBURA;;;COLISÃO LATERAL;1;1;0;0;0;0;0;0;0;1;0;Longo da via;Chuvoso;Não existe;Ilegível;Molhada;Mal conservada;Não existe;Outras;;Dupla;;;
2021-07-02;20:54:40;COM VITIMA;FINALIZADA;IBURA;AV DOIS RIOS;393;;EM FRENTE A IGREJA UNIVERSAL;IBURA;;CIDADE;COLISÃO FRONTAL;0;1;0;0;0;0;0;0;0;1;0;Longo da via;Chuvoso;Não existe;Perfeito estado;Molhada;Perfeito estado;Não existe;Não há placas;;Dupla;Faixa contínua;;
2021-07-02;21:27:40;SEM ViTIMA;FINALIZADA;IMBIRIBEIRA;AV MARECHAL MASCARENHAS DE MORAES;;;SOB O VIADUTO PRESIDENTE TANCREDO NEVES;IMBIRIBEIRA;;CIDADE;COLISÃO TRASEIRA;2;2;0;0;0;0;1;1;0;0;0;Longo da via;Chuvoso;Não existe;Perfeito estado;Molhada;Perfeito estado;Agente;Não há placas;;Dupla;Faixa seccionada;Canteiro central;
2021-07-02;22:33:40;COM VITIMA;FINALIZADA;IMBIRIBEIRA;VIADUTO TANCREDO NEVES;;;NO INÍCIO DO VIADUTO SENTIDO BOA VIAGEM.;IMBIRIBEIRA;;CIDADE;QUEDA;0;0;0;1;0;0;0;0;0;1;0;Viaduto;Chuvoso;Não existe;Perfeito estado;Molhada;Perfeito estado;;Não há placas;;Única;Canteiro central;;
2021-07-03;08:20:00;COM VITIMA;FINALIZADA;IPUTINGA;AV CAXANGA;7038;AV CAXANGA;PRÓXIMO AO BIG BOM PREÇO;IPUTINGA;533;SUBURBIO;COLISÃO LATERAL;1;0;0;0;0;0;0;0;0;1;0;Longo da via;Chuvoso;Sem defeito;Perfeito estado;Molhada;Perfeito estado;Faixa de pedestre;Não há placas;;Única;Faixa seccionada;;
2021-07-03;08:46:00;COM VITIMA;FINALIZADA;ROSARINHO;AV NORTE;;AV SANTOS DUMONT;;ROSARINHO;81;CIDADE;COLISÃO LATERAL;1;2;0;0;0;0;0;0;0;1;0;Longo da via;Chuvoso;Com defeito;Perfeito estado;Molhada;Perfeito estado;Faixa de pedestre;R-6a;;Dupla;Faixa contínua;;
2021-07-03;09:26:00;COM VITIMA;FINALIZADA;BOA VIAGEM;AV BOA VIAGEM;3610;;EM FRENTE DO PORTO CANOA;BOA VIAGEM;;CIDADE;COLISÃO TRASEIRA;1;1;0;0;0;0;0;0;0;2;0;Longo da via;Chuvoso;Sem defeito;Perfeito estado;Molhada;Perfeito estado;Não existe;Outras;;Única;Faixa seccionada;;
2021-07-03;12:54:00;SEM ViTIMA;CANCELADA;IMBIRIBEIRA;AV MARECHAL MASCARENHAS DE MORAES;;;E/F LASER ELETRO S/T AFOGADOS;IMBIRIBEIRA;;;COLISÃO FRONTAL;1;1;0;0;0;0;0;0;0;0;0;;;;;;;;;;;;;
2021-07-03;15:01:00;SEM ViTIMA;FINALIZADA;AREIAS;AV DR JOSE RUFINO;1545;;E/F AO COLEGIO INCENTIVO;AREIAS;;CIDADE;COLISÃO TRASEIRA;2;0;0;0;0;0;0;0;0;0;0;Longo da via;Chuvoso;Não existe;;Molhada;Perfeito estado;Não existe;Não há placas;;Dupla;Faixa contínua;;
2021-07-03;15:12:00;COM VITIMA;FINALIZADA;CABANGA;VDO PAPA JOAO PAULO II;;;EM CIMA DO VIADUTO/ SENTIDO DERBY;CABANGA;;CIDADE;COLISÃO COM CICLISTA;0;1;0;1;0;0;0;0;0;2;0;Viaduto;Bom;Não existe;Perfeito estado;Seca;Perfeito estado;Não existe;Não há placas;;Dupla;Canteiro central;;
2021-07-04;10:38:00;COM VITIMA;FINALIZADA;PARNAMIRIM;AV FLOR DE SANTANA;223;RUA DO MARQUES;PROX. EDF. TORONTO;PARNAMIRIM;;;COLISÃO LATERAL;1;1;0;0;0;0;0;0;0;1;0;Cruzamento;Bom;Não existe;Incompleta;Seca;Mal conservada;Faixa de pedestre;"Placas ""Pare""";30 km/h;Dupla;Não existe;;
2021-07-04;16:12:00;COM VITIMA;FINALIZADA;ESPINHEIRO;RUA QUARENTA E OITO;;RUA CONS PORTELA;FARMÁCIA PAGUE MENOS;ESPINHEIRO;11;CIDADE;COLISÃO LATERAL;1;1;0;0;0;0;0;0;0;2;0;Cruzamento;Bom;Sem defeito;Perfeito estado;Seca;Perfeito estado;Faixa de pedestre;R-6a;;Única;Faixa contínua;;
2021-07-04;20:58:00;SEM ViTIMA;CANCELADA;DOIS IRMÃOS;RUA MANUEL DE MEDEIROS;;;E/F A FACULDADE RURAL;DOIS IRMÃOS;0;;QUEDA;0;1;0;0;0;0;0;0;0;0;0;;;;;;;;;;;;;
2021-07-04;22:39:40;COM VITIMA;FINALIZADA;GRAÇAS;AV CONS ROSA E SILVA;471;RUA BRUNO MAIA;ESQUINA COM HOSPITAL DOS SERVIDORES[;GRAÇAS;;SUBURBIO;COLISÃO TRASEIRA;1;1;0;0;0;0;0;0;0;1;0;Longo da via;Bom;Não existe;Perfeito estado;Seca;Perfeito estado;;Outras;;Única;Faixa seccionada;;
2021-07-05;06:56:00;COM VITIMA;FINALIZADA;IBURA;AV DOM HELDER CAMARA;351;;E/F ARMAZÉM FAMA;IBURA;;CIDADE;QUEDA;0;1;0;0;0;0;0;0;0;1;0;Longo da via;Bom;Não existe;Perfeito estado;Seca;Perfeito estado;Não existe;Não há placas;;Dupla;Canteiro central;;
2021-07-05;07:11:00;COM VITIMA;FINALIZADA;PINA;AV CONSELHEIRO AGUIAR;523;RUA PEREIRA DA COSTA;LUCK VIAGENS;PINA;140;CIDADE;QUEDA;0;1;0;0;0;0;0;0;0;1;0;Longo da via;Bom;Sem defeito;Perfeito estado;Seca;Perfeito estado;Faixa de pedestre;Outras;;Única;Faixa contínua;Faixa seccionada;
2021-07-05;08:17:00;COM VITIMA;FINALIZADA;SAN MARTIN;AV CONSUL VILARES FRAGOSO;;RUA COMENDADOR FRANCO FERREIRA;AO LADO DA CAVALARIA;SAN MARTIN;;SUBURBIO;COLISÃO TRANSVERSAL;1;1;0;0;0;0;0;0;0;1;0;Cruzamento;Bom;Não existe;Incompleta;Seca;Perfeito estado;Não existe;R-6a;;Dupla;Faixa contínua;;
2021-07-05;09:32:00;COM VITIMA;FINALIZADA;ESPINHEIRO;AV GOVERNADOR AGAMENON MAGALHAES;2764;RUA BUENOS AYRES;M FRENTE AO EDF ANTONIO DE ALBUQUERQUE GALVAO;ESPINHEIRO;78;SUBURBIO;COLISÃO TRASEIRA;2;0;0;0;0;0;0;0;0;1;0;Longo da via;Bom;Sem defeito;Perfeito estado;Seca;Perfeito estado;Faixa de pedestre;;60 km/h;Dupla;Faixa contínua;;
2021-07-05;10:03:00;COM VITIMA;FINALIZADA;CASA AMARELA;AV NORTE;;AV PROFESSOR JOSE DOS ANJOS;EM FRENTE AO SESC;CASA AMARELA;364;SUBURBIO;COLISÃO TRASEIRA;1;1;0;0;0;0;0;0;0;1;0;Cruzamento;Bom;Sem defeito;Perfeito estado;Seca;Perfeito estado;;Outras;;Dupla;Não existe;;
2021-07-05;11:14:00;SEM ViTIMA;FINALIZADA;DERBY;AV GOVERNADOR AGAMENON MAGALHAES;;;;DERBY;417;BOA VIAGEM;COLISÃO LATERAL;1;1;0;0;0;0;0;0;0;0;0;Longo da via;Bom;Sem defeito;Perfeito estado;Seca;Perfeito estado;Faixa de pedestre;Outras;60 km/h;Dupla;Canteiro central;;
2021-07-05;14:49:00;COM VITIMA;FINALIZADA;MACAXEIRA;AV DA RECUPERACAO;;;PRÓX AO T.I. MACAXEIRA;MACAXEIRA;;SUBURBIO;COLISÃO FRONTAL;0;2;0;0;0;0;0;0;0;2;0;Longo da via;Bom;Não existe;Perfeito estado;Seca;Perfeito estado;Não existe;Não há placas;;Dupla;Faixa seccionada;;
2021-07-05;16:22:00;COM VITIMA;FINALIZADA;MONTEIRO;AV DR EURICO CHAVES;341;;E/F AO BAR PARADA OBRIGATORIA;MONTEIRO;;CIDADE;COLISÃO TRASEIRA;0;2;0;0;0;0;0;0;0;1;0;Longo da via;Bom;Não existe;Perfeito estado;Seca;Perfeito estado;Não existe;;30 km/h;Dupla;Faixa seccionada;;
2021-07-05;22:03:40;COM VITIMA;FINALIZADA;CASA AMARELA;AV NORTE;6246;;NA SUBIDA DO VASCO / E/F AO POSTO BR;CASA AMARELA;66;CIDADE;ATROPELAMENTO DE PESSOA;0;1;0;0;1;0;0;0;0;2;0;Longo da via;Chuvoso;Sem defeito;Perfeito estado;Molhada;Perfeito estado;Faixa de pedestre;Outras;60 km/h;Dupla;Faixa seccionada;;
2021-07-06;12:26:00;COM VITIMA;FINALIZADA;SÃO JOSÉ;VIADUTO CAPITAO TEMUDO;;;EM CIMA DO VIADUTO/ SENTIDO CIDADE;SÃO JOSÉ;;CIDADE;COLISÃO TRASEIRA;1;1;0;0;0;0;0;0;0;1;0;Viaduto;Bom;Não existe;Perfeito estado;Seca;Perfeito estado;Outros;Não há placas;;Dupla;Canteiro central;;
2021-07-06;13:34:00;COM VITIMA;FINALIZADA;SÃO JOSÉ;AV ENGENHEIRO JOSE ESTELITA;;;EM FRENTE AO EDF. MIRANTE DO CAIS;SÃO JOSÉ;;CIDADE;COLISÃO TRASEIRA;1;1;0;0;0;0;0;0;0;1;0;Longo da via;Bom;Não existe;Incompleta;Seca;Perfeito estado;Não existe;Não há placas;60 km/h;Única;Faixa seccionada;;
2021-07-06;14:16:00;COM VITIMA;FINALIZADA;CASA FORTE;AV DEZESSETE DE AGOSTO;;;CENTRO MÉDICO SEN. ERMÍRIO DE MORAES;CASA FORTE;251;SUBURBIO;COLISÃO TRANSVERSAL;2;0;0;0;0;0;0;0;0;1;0;Longo da via;Bom;Sem defeito;Perfeito estado;Seca;Perfeito estado;Faixa de pedestre;Outras;;Dupla;Faixa contínua;;
2021-07-06;14:52:00;COM VITIMA;FINALIZADA;MADALENA;RUA ARLINDO GOUVEIA;39;RUA BENFICA;EM FRENTE AO CLUBE INTERNACIONAL;MADALENA;620;CIDADE;COLISÃO TRANSVERSAL;1;1;0;0;0;0;0;0;0;1;0;Cruzamento;Bom;Sem defeito;Perfeito estado;Seca;Perfeito estado;Faixa de pedestre;Não há placas;;Dupla;Faixa seccionada;;
2021-07-06;18:19:00;COM VITIMA;FINALIZADA;SANTO AMARO;RUA FREI CASSIMIRO;;;E/F A ANTIGA CTTU;SANTO AMARO;;SUBURBIO;CHOQUE;1;1;0;0;0;0;0;0;0;1;0;Longo da via;Bom;Não existe;Não existente;Seca;Perfeito estado;Não existe;Não há placas;;Dupla;Não existe;;
2021-07-06;18:24:00;COM VITIMA;CANCELADA;TEJIPIÓ;AV DR JOSE RUFINO;498;;E/F A PRAÇA DO PACHECO , SNT JABOATÃO;TEJIPIÓ;;;COLISÃO LATERAL;1;1;0;0;0;0;0;0;0;1;0;;;;;;;;;;;;;
2021-07-07;11:25:00;COM VITIMA;FINALIZADA;BOA VIAGEM;AV ENGENHEIRO DOMINGOS FERREIRA;883;;EM FRENTE À J CARLOS MÓVEIS;BOA VIAGEM;;SUBURBIO;COLISÃO LATERAL;2;0;0;0;0;0;0;0;0;1;0;Longo da via;Bom;Sem defeito;Perfeito estado;Seca;Perfeito estado;;;60 km/h;Única;Faixa seccionada;;
2021-07-07;14:18:00;SEM ViTIMA;FINALIZADA;SANTO ANTÔNIO;C SANTA RITA;;;APÓS O SEMÁFORO Nº 076;SANTO ANTÔNIO;;SUBURBIO;;1;0;0;0;0;0;0;0;0;0;0;Longo da via;Bom;Sem defeito;Perfeito estado;Seca;Mal conservada;Faixa de retenção;Outras;;Dupla;Canteiro central;;
2021-07-07;14:29:00;SEM ViTIMA;FINALIZADA;PINA;RUA TOME GIBSON;;AVENIDA CELSO FURTADO (VIA MANGUE);;PINA;;;;1;1;0;0;0;0;0;0;0;0;0;;Bom;Não existe;Perfeito estado;Seca;Perfeito estado;Faixa de pedestre;Não há placas;;Dupla;Faixa seccionada;;
2021-07-07;15:26:00;SEM ViTIMA;FINALIZADA;VÁRZEA;AV CAXANGA;5612;RUA RODRIGUES FERREIRA;LADO OPOSTO À IGREJA ASSEMBLEIA DE DEUS;VÁRZEA;232;CIDADE;;0;0;0;0;0;0;1;1;0;0;0;Longo da via;Bom;Sem defeito;Perfeito estado;Seca;Perfeito estado;Faixa de pedestre;R-6a;60 km/h;Dupla;Canteiro central;;
2021-07-07;16:05:00;COM VITIMA;FINALIZADA;BOA VIAGEM;AV BOA VIAGEM;2846;;E/F A PADARIA BOA VIAGEM;BOA VIAGEM;548;;COLISÃO TRASEIRA;1;1;0;0;0;0;0;0;0;1;0;Longo da via;Bom;Sem defeito;Perfeito estado;Seca;Perfeito estado;;;;Única;Faixa seccionada;;
2021-07-08;12:14:00;COM VITIMA;FINALIZADA;BOA VIAGEM;AVENIDA CELSO FURTADO (VIA MANGUE);;;FINAL DA VIA MANGUE/ PROXIMO AO SHOPPING RECIFE/ SENTIDO AEROPORTO;BOA VIAGEM;;;COLISÃO TRASEIRA;1;1;0;0;0;0;0;0;0;1;0;;;;;;;;;;;;;
2021-07-08;16:12:00;COM VITIMA;FINALIZADA;SAN MARTIN;AV ENGENHEIRO ABDIAS DE CARVALHO;893;;SOB O SEMÁFORO 422 / CTTU;SAN MARTIN;422;SUBURBIO;COLISÃO FRONTAL;0;2;0;0;0;0;0;0;0;1;0;Cruzamento;Bom;Sem defeito;Perfeito estado;Seca;Perfeito estado;Outros;Não há placas;60 km/h;Dupla;Canteiro central;;
2021-07-08;16:47:00;COM VITIMA;CANCELADA;IPSEP;AV RECIFE;3069;;EM FRENTE A ALINHAUTO/ SENTIDO AEROPORTO;IPSEP;;;COLISÃO TRASEIRA;1;1;0;0;0;0;0;0;0;1;0;;;;;;;;;;;;;
2021-07-08;18:09:00;COM VITIMA;FINALIZADA;MADALENA;RUA BENFICA;;;E/F AO MUSEU DA ABOLIÇAO;MADALENA;257;SUBURBIO;ATROPELAMENTO DE PESSOA;0;0;0;0;1;1;0;0;0;1;0;Longo da via;Bom;Sem defeito;Perfeito estado;Seca;Perfeito estado;Faixa de pedestre;Outras;;Dupla;Faixa contínua;;
2021-07-08;19:14:00;COM VITIMA;FINALIZADA;FUNDÃO;AV BEBERIBE;2491;RUA CORRENTES;PROX A PIZZARIA DO GEMEOS;FUNDÃO;;SUBURBIO;COLISÃO LATERAL;1;1;0;0;0;0;0;0;0;1;0;Cruzamento;Bom;Não existe;Não existente;Seca;Perfeito estado;Não existe;Não há placas;60 km/h;Dupla;Faixa seccionada;;
2021-07-08;20:12:00;COM VITIMA;FINALIZADA;IBURA;AV RIO LARGO;1704;;E/F AO SUPERMECADO PROABE ALIMENTOS;IBURA;512;DUPLO;COLISÃO LATERAL;1;1;0;0;0;0;0;0;0;1;0;Longo da via;Bom;Sem defeito;Perfeito estado;Seca;Perfeito estado;Faixa de pedestre;Não há placas;;Dupla;Não existe;;
2021-07-09;07:21:00;COM VITIMA;FINALIZADA;IMBIRIBEIRA;AV GENERAL MAC ARTHUR;;RUA SARGENTO SILVINO DE MACEDO;PROX. AO POSTO DE GASOLINA BR;IMBIRIBEIRA;640;SUBURBIO;COLISÃO COM CICLISTA;1;0;0;1;0;0;0;0;0;1;0;Esquina;Bom;Sem defeito;Perfeito estado;Seca;Perfeito estado;Faixa de pedestre;R-6a;40 km/h;Única;Faixa seccionada;;
2021-07-09;11:39:00;SEM ViTIMA;FINALIZADA;SAN MARTIN;AV GENERAL SAN MARTIN;;;PROX. AO COMPAZ, EM FRENTE OS CORREIOS;SAN MARTIN;;;COLISÃO LATERAL;2;0;0;0;0;0;0;0;0;0;0;;;;;;;;;;;;;
2021-07-09;12:09:00;COM VITIMA;FINALIZADA;BOA VIAGEM;AV ENGENHEIRO DOMINGOS FERREIRA;;RUA ARTUR MUNIZ;EM FRENTE AO EXTRA;BOA VIAGEM;380;SUBURBIO;COLISÃO LATERAL;1;1;0;0;0;0;0;0;0;1;0;Cruzamento;Bom;Sem defeito;Perfeito estado;Seca;Perfeito estado;Faixa de pedestre;R-6a;;Dupla;Canteiro central;;
2021-07-01;13:26:00;COM VITIMA;FINALIZADA;GRAÇAS;AV GOVERNADOR AGAMENON MAGALHAES;;;APOS O SEMÁFORO 173;GRAÇAS;173;BOA VIAGEM;QUEDA;0;1;0;0;0;0;0;0;0;1;0;Longo da via;Nublado;Sem defeito;Perfeito estado;Seca;Perfeito estado;;Não há placas;60 km/h;Dupla;Canal;;
2021-07-09;15:58:00;COM VITIMA;FINALIZADA;ARRUDA;AV PROFESSOR JOSE DOS ANJOS;1029;EST VELHA DE AGUA FRIA;NO SEMÁFORO 306/ SENTIDO AV. NORTE;ARRUDA;306;;COLISÃO LATERAL;0;2;0;0;0;0;0;0;0;2;0;Cruzamento;Bom;Sem defeito;Perfeito estado;Seca;Perfeito estado;Faixa de pedestre;R-6a;;Dupla;Canteiro central;;
2021-07-09;16:50:00;COM VITIMA;FINALIZADA;MADALENA;AV VISCONDE DE ALBUQUERQUE;400;RUA LOPES DE CARVALHO;EM FRENTE AO SERASA E A VALIDE;MADALENA;;SUBURBIO;COLISÃO LATERAL;1;1;0;0;0;0;0;0;0;1;0;Cruzamento;Bom;Não existe;;Seca;Perfeito estado;Não existe;Não há placas;60 km/h;Única;Não existe;;
2021-07-09;21:16:40;VITIMA FATAL;FINALIZADA;IMBIRIBEIRA;AV MARECHAL MASCARENHAS DE MORAES;;;EM FRENTE A LOCALIZA RENT A CAR;IMBIRIBEIRA;;SUBURBIO;ATROPELAMENTO DE PESSOA;0;0;0;0;1;1;0;0;0;0;1;Outros;Bom;Sem defeito;Perfeito estado;Seca;Perfeito estado;Não existe;Não há placas;50 km/h;Dupla;Canteiro central;;