data;hora;natureza_acidente;situacao;bairro;endereco;numero;detalhe_endereco_acidente;complemento;bairro_cruzamento;num_semaforo;sentido_via;tipo;auto;moto;ciclom;ciclista;pedestre;onibus;caminhao;viatura;outros;vitimas;vitimasfatais;acidente_verificado;tempo_clima;situacao_semaforo;sinalizacao;condicao_via;conservacao_via;ponto_controle;situacao_placa;velocidade_max_via;mao_direcao;divisao_via1;divisao_via2;divisao_via3
2021-07-10;06:33:00;COM VITIMA;FINALIZADA;ESPINHEIRO;AV GOVERNADOR AGAMENON MAGALHAES;2860;;E/F AO  EDF. MARIA CLARA (VIA LOCAL) // SENTIDO BOA VIAGEM;ESPINHEIRO;;;COLISÃO LATERAL;1;1;0;0;0;0;0;0;0;1;0;Longo da via;Chuvoso;Não existe;Perfeito estado;Molhada;Perfeito estado;Não existe;Outras;60 km/h;Dupla;Faixa seccionada;Canteiro central;Canal
2021-07-10;07:56:00;COM VITIMA;FINALIZADA;BOA VISTA;RUA DOM BOSCO;;;EM FRENTE AO QUARTEL DA RADIO PATRULHA;BOA VISTA;;SUBURBIO;COLISÃO LATERAL;1;1;0;0;0;0;0;0;0;1;0;Longo da via;Bom;Não existe;Perfeito estado;Seca;Perfeito estado;Não existe;Não há placas;;Única;Faixa seccionada;;
2021-07-10;10:59:00;COM VITIMA;FINALIZADA;BOA VIAGEM;RUA RIBEIRO DE BRITO;40;;APOS A FACULDADE UNINASASAU // SENT. AV RECIFE;BOA VIAGEM;;SUBURBIO;COLISÃO LATERAL;0;1;0;0;0;1;0;0;0;1;0;Longo da via;Bom;Não existe;Perfeito estado;Seca;Perfeito estado;Não existe;Não há placas;;Única;Faixa seccionada;;
2021-07-10;11:45:00;COM VITIMA;FINALIZADA;IPUTINGA;RUA SAO MATEUS;365;RUA DR VIRGINIO MARQUES;E/F AO COLÉGIO SÃO DOMINGOS;IPUTINGA;;SUL;COLISÃO LATERAL;1;1;0;0;0;0;0;0;0;1;0;Cruzamento;Bom;Não existe;Perfeito estado;Seca;Perfeito estado;Não existe;Não há placas;40 km/h;Dupla;Não existe;;
2021-07-10;15:12:00;COM VITIMA;FINALIZADA;BOA VISTA;AV CONDE DA BOA VISTA;;RUA GERVASIO PIRES;EM FRENTE À LOJA RENNER;BOA VISTA;24;SUBURBIO;COLISÃO COM CICLISTA;0;0;0;1;0;1;0;0;0;1;0;Longo da via;Bom;Não existe;Perfeito estado;Seca;Perfeito estado;Não existe;Não há placas;40 km/h;Única;Faixa seccionada;;
2021-07-10;15:45:00;COM VITIMA;FINALIZADA;VASCO DA GAMA;AV VEREADOR OTACILIO AZEVEDO;877;;NA ENTRADA DO CORREGO DO CAROA;VASCO DA GAMA;877;CIDADE;COLISÃO FRONTAL;2;0;0;0;0;0;0;0;0;2;0;Longo da via;Chuvoso;Não existe;Não existente;Molhada;Perfeito estado;Outros;Outras;;Dupla;Faixa seccionada;;
2021-07-10;17:42:00;COM VITIMA;FINALIZADA;CORDEIRO;AV CAXANGA;1985;;EM FRENTE AO CERPRO;CORDEIRO;;CIDADE;COLISÃO FRONTAL;2;0;0;0;0;0;0;0;0;1;0;Longo da via;Bom;Não existe;Perfeito estado;Seca;Perfeito estado;Não existe;Não há placas;60 km/h;Única;Canteiro central;;
2021-07-11;10:49:00;COM VITIMA;FINALIZADA;BOA VIAGEM;AV BOA VIAGEM;5354;RUA VERDES MARES;EM FRENTE 5354;BOA VIAGEM;;CIDADE;COLISÃO TRASEIRA;2;0;0;0;0;0;0;0;0;2;0;Longo da via;Bom;Não existe;Perfeito estado;Seca;Perfeito estado;Faixa de pedestre;R-6a;60 km/h;Única;Faixa seccionada;;
2021-07-11;20:19:00;COM VITIMA;FINALIZADA;CASA FORTE;EST DO ENCANAMENTO;;;COM A RUA MARECHAL RONDON;CASA FORTE;;CIDADE;COLISÃO COM CICLISTA;1;0;0;1;0;0;0;0;0;1;0;Cruzamento;Chuvoso;Não existe;Perfeito estado;Molhada;Perfeito estado;Não existe;Não há placas;;Dupla;Não existe;;
2021-07-11;20:31:40;COM VITIMA;FINALIZADA;ARRUDA;AV BEBERIBE;1478;;PROX AO CANAL DA CONSTRUÇÃO  / EM FRENTE A ANTIGA EMPRESA SP;ARRUDA;;SUBURBIO;CHOQUE;0;1;0;0;0;0;0;0;0;1;0;Longo da via;Chuvoso;Não existe;Perfeito estado;Molhada;Mal conservada;;Não há placas;40 km/h;Dupla;Faixa contínua;;
2021-07-11;22:09:40;COM VITIMA;FINALIZADA;SÃO JOSÉ;RUA DA CONCORDIA;874;RUA DO PEIXOTO;SEMAFORO 182 / EM FRENTE AO EDF CAMPO FRIO;SÃO JOSÉ;182;CIDADE;COLISÃO LATERAL;1;0;0;0;0;1;0;0;0;1;0;Cruzamento;Bom;Intermitente;Perfeito estado;Seca;Perfeito estado;Outros;Outras;;Única;Não existe;;
2021-07-12;06:12:00;COM VITIMA;FINALIZADA;CAXANGÁ;AV CAXANGA;40;RUA RIBEIRO PESSOA;EM FRENTE UPA;CAXANGÁ;281;SUBURBIO;COLISÃO LATERAL;2;0;0;0;0;0;0;0;0;2;0;Cruzamento;Bom;Sem defeito;Perfeito estado;Molhada;Perfeito estado;Faixa de pedestre;Não há placas;;Dupla;Faixa contínua;Faixa seccionada;
2021-07-12;06:47:00;COM VITIMA;DUPLICIDADE;IPUTINGA;AV CAXANGA;;RUA RIBEIRO PESSOA;E/F A UPA DA CAXANGÁ;IPUTINGA;;;COLISÃO LATERAL;2;0;0;0;0;0;0;0;0;1;0;;;;;;;;;;;;;
2021-07-12;07:24:00;COM VITIMA;FINALIZADA;CAXANGÁ;AV CAXANGA;;;EM FRENTE A FIAT ITALIANA, SENTIDO CAMARAGIBE;CAXANGÁ;;SUBURBIO;COLISÃO COM CICLISTA;1;0;0;1;0;1;0;0;0;1;0;Longo da via;Bom;Não existe;Incompleta;Molhada;Perfeito estado;Não existe;R-6a;;Dupla;Faixa contínua;Faixa seccionada;
2021-07-12;08:16:00;SEM ViTIMA;FINALIZADA;BOA VISTA;RUA JOAO FERNANDES VIEIRA;;;EM FRENTE AO POSTE H 042956;BOA VISTA;;CIDADE;COLISÃO TRASEIRA;1;1;0;0;0;0;0;0;0;0;0;Longo da via;Bom;Não existe;Perfeito estado;Seca;Perfeito estado;Faixa de pedestre;Não há placas;;Única;Faixa contínua;Faixa seccionada;
2021-07-12;09:12:00;COM VITIMA;CANCELADA;MADALENA;RUA COMENDADOR BENTO AGUIAR;;;EM FRENTE A FARMACIA PAGUE MENOS;MADALENA;;;COLISÃO LATERAL;1;1;0;0;0;0;0;0;0;1;0;;;;;;;;;;;;;
2021-07-12;10:12:00;COM VITIMA;FINALIZADA;DERBY;AV GOVERNADOR AGAMENON MAGALHAES;;;ATROPELAMENTO;DERBY;;SUBURBIO;ATROPELAMENTO DE PESSOA;1;0;0;0;1;0;0;0;0;1;0;Longo da via;Chuvoso;Sem defeito;Perfeito estado;Molhada;Perfeito estado;Não existe;Não há placas;60 km/h;Única;Faixa seccionada;;
2021-07-12;10:56:00;COM VITIMA;FINALIZADA;ESTÂNCIA;AV RECIFE;5001;;EM FRENTE AO ANTIGO MAKRO;ESTÂNCIA;621;SUBURBIO;COLISÃO TRASEIRA;1;1;0;0;0;0;0;0;0;1;0;Longo da via;Bom;Sem defeito;Perfeito estado;Seca;Perfeito estado;Faixa de pedestre;Não há placas;60 km/h;Dupla;;;
2021-07-12;12:13:00;COM VITIMA;FINALIZADA;BEBERIBE;RUA DALVA DE OLIVEIRA;;;PROX A AMBEV  E/F A IGREJA BATISTA DO VALE;BEBERIBE;;SUBURBIO;COLISÃO COM CICLISTA;1;0;0;1;0;0;0;0;0;1;0;Cruzamento;Bom;Não existe;Não existente;Seca;Perfeito estado;Não existe;"Placas ""Dê a preferência""";;Dupla;Não existe;;
2021-07-12;14:00:00;SEM ViTIMA;FINALIZADA;BOA VIAGEM;AV BOA VIAGEM;4660;;PRÓX À PRACINHA DE BOA VIAGEM / EDIFÍCIO BAÍA DE VIGO;BOA VIAGEM;;;COLISÃO LATERAL;2;0;0;0;0;0;0;0;0;0;0;;;;;;;;;;;;;
2021-07-12;18:35:00;COM VITIMA;FINALIZADA;VÁRZEA;AV AFONSO OLINDENSE;700;;PROX AO COLISEU;VÁRZEA;;SUBURBIO;COLISÃO LATERAL;1;1;0;0;0;0;0;0;0;1;0;Longo da via;Bom;Não existe;Perfeito estado;Seca;Perfeito estado;Outros;Não há placas;40 km/h;Dupla;Faixa contínua;;
2021-07-12;22:07:40;COM VITIMA;FINALIZADA;CAXANGÁ;AV JOAQUIM RIBEIRO;1282;;PROX A PURE GELO;CAXANGÁ;;SUBURBIO;COLISÃO TRASEIRA;0;1;0;0;0;0;1;0;0;1;0;Longo da via;Bom;Não existe;Perfeito estado;Seca;Perfeito estado;Não existe;Não há placas;;Dupla;Faixa contínua;Faixa seccionada;Canteiro central
2021-07-13;07:57:00;COM VITIMA;FINALIZADA;TORRE;RUA MARQUES DE MARICA;236;RUA SOUZA BANDEIRA;EDF. VIVENDA DOS GIRASSOIS;TORRE;317;;COLISÃO LATERAL;1;1;0;0;0;0;0;0;0;1;0;Cruzamento;Bom;Sem defeito;Perfeito estado;Seca;Perfeito estado;Faixa de pedestre;R-6a;;Dupla;Faixa contínua;Faixa seccionada;
2021-07-13;10:34:00;COM VITIMA;FINALIZADA;BOA VIAGEM;AV CONSELHEIRO AGUIAR;1991;;EM FRENTE A PADARIA AUGUSTA;BOA VIAGEM;;CIDADE;COLISÃO TRASEIRA;1;0;0;0;0;1;0;0;0;1;0;Longo da via;Bom;Sem defeito;Perfeito estado;Seca;Perfeito estado;Outros;Não há placas;60 km/h;Única;Faixa contínua;;
2021-07-13;11:02:00;COM VITIMA;CANCELADA;BOA VIAGEM;AV BOA VIAGEM;;;EM FRENTE AO CASTELINHO;BOA VIAGEM;;;COLISÃO FRONTAL;1;1;0;0;0;0;0;0;0;2;0;;;;;;;;;;;;;
2021-07-13;18:59:00;COM VITIMA;FINALIZADA;ENCRUZILHADA;RUA DR FERNANDO ALLAIN;25;RUA MARQUES DO PARANA;E/F AO MARTELINHO DE OURO;ENCRUZILHADA;;CIDADE;COLISÃO FRONTAL;2;0;0;0;0;0;0;0;0;1;0;Cruzamento;Bom;Não existe;Perfeito estado;Seca;Perfeito estado;Faixa de retenção;"Placas ""Pare""";;Única;;;
2021-07-13;20:13:00;SEM ViTIMA;FINALIZADA;VASCO DA GAMA;RUA ASSUNCAO;115;;PROX AO TEATRO LOBATINHO;VASCO DA GAMA;;;CHOQUE;0;0;0;0;0;0;0;0;0;0;0;;;;;;;;;;;;;
2021-07-14;01:10:00;SEM ViTIMA;CANCELADA;ESTÂNCIA;AV RECIFE;;;EM FRENTE AO ATACADÃO,SENTIDO AEROPORTO;ESTÂNCIA;;;CHOQUE;0;0;0;0;0;0;0;0;0;0;0;;;;;;;;;;;;;
2021-07-14;11:40:00;COM VITIMA;FINALIZADA;HIPÓDROMO;EST DE BELEM;836;RUA PRUDENTE DE MORAES;ESQUINA DO POSTO TOTAL;HIPÓDROMO;94;;COLISÃO FRONTAL;0;1;0;0;0;1;0;0;0;1;0;Cruzamento;Bom;Sem defeito;Perfeito estado;Seca;Perfeito estado;Faixa de pedestre;Outras;30 km/h;Dupla;Faixa contínua;;
2021-07-14;11:56:00;SEM ViTIMA;FINALIZADA;CAMPO GRANDE;RUA NOGUEIRA LIMA;85;;EM FRENTE A ESCOLA EMBAIXADOR GILBERTO AMADO;CAMPO GRANDE;;;;2;0;0;0;0;0;0;0;0;0;0;Longo da via;Bom;Não existe;Perfeito estado;Seca;Perfeito estado;Não existe;Não há placas;;Dupla;Não existe;;
2021-07-14;15:43:00;COM VITIMA;FINALIZADA;TAMARINEIRA;AV NORTE;4001;;APÓS O SESC DE CASA AMARELA;TAMARINEIRA;;CIDADE;ATROPELAMENTO DE PESSOA;0;1;0;0;1;0;0;0;0;1;0;Longo da via;Bom;Não existe;Perfeito estado;Seca;Perfeito estado;Não existe;Não há placas;;Única;Faixa seccionada;;
2021-07-14;16:45:00;SEM ViTIMA;FINALIZADA;CAMPO GRANDE;RUA MARQUES DE BAIPENDI;82;;PROXIMO AO DEPOSITO DA COCA COLA;CAMPO GRANDE;;;COLISÃO LATERAL;3;0;0;0;0;0;0;0;0;0;0;;;;;;;;;;;;;
2021-07-14;17:23:00;COM VITIMA;FINALIZADA;SÃO JOSÉ;AV SUL;;;NO SEMÁFORO 260;SÃO JOSÉ;260;CIDADE;COLISÃO LATERAL;1;1;0;0;0;0;0;0;0;1;0;Cruzamento;Nublado;Sem defeito;Incompleta;Molhada;Perfeito estado;Faixa de pedestre;Não há placas;;Única;Não existe;;
2021-07-14;20:12:00;COM VITIMA;FINALIZADA;MADALENA;AV VISCONDE DE ALBUQUERQUE;401;;E/F AO MADALENA CENTER;MADALENA;;CIDADE;COLISÃO TRASEIRA;3;0;0;0;0;1;0;0;0;1;0;Cruzamento;Bom;Não existe;Perfeito estado;Seca;Perfeito estado;Não existe;"Placas ""Pare""";;Única;Faixa seccionada;;
2021-07-15;08:09:00;COM VITIMA;FINALIZADA;DOIS IRMÃOS;RUA MANUEL DE MEDEIROS;123;;EM FRENTE A UNIVERSIDADE RURAL;DOIS IRMÃOS;224;;COLISÃO TRASEIRA;1;1;0;0;0;0;0;0;0;1;0;Longo da via;Bom;Sem defeito;Perfeito estado;Molhada;Mal conservada;Não existe;R-19;30 km/h;Dupla;Não existe;;
2021-07-15;10:48:00;COM VITIMA;FINALIZADA;BOA VIAGEM;AV ENGENHEIRO DOMINGOS FERREIRA;1472;;TREED CENTER;BOA VIAGEM;;SUBURBIO;COLISÃO TRANSVERSAL;1;1;0;0;0;0;0;0;0;1;0;Longo da via;Bom;Não existe;Perfeito estado;Seca;Perfeito estado;Não existe;Não há placas;60 km/h;Única;Canteiro central;;
2021-07-15;12:23:00;COM VITIMA;FINALIZADA;AFOGADOS;RUA NICOLAU PEREIRA;445;;EM FRENTE AO ARMAZEM CORAL;AFOGADOS;242;SUBURBIO;COLISÃO TRASEIRA;1;2;0;0;0;0;0;0;0;1;0;Longo da via;Bom;Sem defeito;Perfeito estado;Seca;Perfeito estado;Não existe;;;;;;
2021-07-15;13:48:00;COM VITIMA;CANCELADA;PINA;AV ANTONIO DE GOES;;;EM FRENTE AO LUCILO ÁVILA;PINA;;;COLISÃO TRASEIRA;1;1;0;0;0;0;0;0;0;2;0;;;;;;;;;;;;;
2021-07-15;14:46:00;COM VITIMA;FINALIZADA;ESPINHEIRO;AV GOVERNADOR AGAMENON MAGALHAES;3158;;EM FRENTE A MEDICAL / SENTIDO BOA VIAGEM;ESPINHEIRO;;BOA VIAGEM;COLISÃO TRASEIRA;1;1;0;0;0;0;0;0;0;1;0;Longo da via;Bom;Sem defeito;Perfeito estado;Seca;Perfeito estado;Não existe;Não há placas;60 km/h;Dupla;Faixa seccionada;;
2021-07-15;16:34:00;COM VITIMA;FINALIZADA;CIDADE UNIVERSITÁRIA;AV PROFESSOR LUIZ FREIRE;500;;PRÓX AO IFPE;CIDADE UNIVERSITÁRIA;374;BR-101;QUEDA;0;1;0;0;0;0;0;0;0;1;0;Longo da via;Bom;Sem defeito;Incompleta;Seca;Mal conservada;;Não há placas;30 km/h;Única;Faixa seccionada;;
2021-07-15;16:18:00;COM VITIMA;FINALIZADA;TORRÕES;AV ENGENHEIRO ABDIAS DE CARVALHO;;RUA QUINZE DE MARCO;NO SEMAFORO 422 PROX A CHESF  S/T BR;TORRÕES;422;SUBURBIO;COLISÃO LATERAL;1;1;0;0;0;0;0;0;0;1;0;Cruzamento;Bom;Sem defeito;Perfeito estado;Seca;;Faixa de pedestre;Não há placas;60 km/h;Única;Canteiro central;;
2021-07-15;16:27:00;COM VITIMA;FINALIZADA;ENCRUZILHADA;AV BEBERIBE;376;;E/F AO BANCO DO BRASIL S/T  SUB;ENCRUZILHADA;;SUBURBIO;COLISÃO FRONTAL;1;1;0;0;0;0;0;0;0;1;0;Longo da via;Bom;;Perfeito estado;Seca;Perfeito estado;Não existe;R-6a;60 km/h;Dupla;Faixa contínua;;
2021-07-15;21:04:40;SEM ViTIMA;FINALIZADA;SANTO AMARO;AV GOVERNADOR AGAMENON MAGALHAES;;;AO LADO DO MINISTÉRIO PÚBLICO FEDERAL;SANTO AMARO;;CIDADE;COLISÃO TRASEIRA;1;0;0;0;0;0;0;1;0;0;0;Longo da via;Bom;Não existe;Não existente;Seca;Perfeito estado;Não existe;Não há placas;;Dupla;;;
2021-07-16;04:18:00;SEM ViTIMA;FINALIZADA;ARRUDA;AV PROFESSOR JOSE DOS ANJOS;1561;;APÓS A VIA SUL;ARRUDA;;;CHOQUE;1;0;0;0;0;1;0;0;0;0;0;;;;;;;;;;;;;
2021-07-16;09:52:00;COM VITIMA;FINALIZADA;BOA VIAGEM;RUA ERNESTO DE PAULA SANTOS;1114;RUA AGENOR LOPES;APOS A FARMACIA PAGUE MENOS;BOA VIAGEM;;;COLISÃO LATERAL;1;1;0;0;0;0;0;0;0;1;0;Cruzamento;Chuvoso;Não existe;Perfeito estado;Molhada;Perfeito estado;Faixa de pedestre;Não há placas;;Única;Faixa seccionada;;
2021-07-16;11:47:00;COM VITIMA;FINALIZADA;SÃO JOSÉ;AV SUL;;;AO LADO DO POSTO BR. PRAÇA SÉRGIO LORETO.;SÃO JOSÉ;311;CIDADE;COLISÃO TRASEIRA;1;1;0;0;0;0;0;0;0;1;0;Longo da via;Chuvoso;Sem defeito;Perfeito estado;Molhada;Perfeito estado;Faixa de retenção;Outras;;Dupla;Canteiro central;;
2021-07-16;16:32:00;COM VITIMA;FINALIZADA;BOA VIAGEM;RUA ERNESTO DE PAULA SANTOS;1342;RUA CORONEL ANIZIO RODRIGUES COELHO;PROX A PALADARIA  E DELICATESSEN;BOA VIAGEM;;CIDADE;COLISÃO LATERAL;2;0;0;0;0;0;0;0;0;1;0;Cruzamento;Bom;Não existe;Perfeito estado;Molhada;Perfeito estado;Não existe;Não há placas;;Única;Não existe;;
2021-07-16;20:40:00;COM VITIMA;FINALIZADA;BOA VIAGEM;AV CONSELHEIRO AGUIAR;3628;;E/F AO HOSPITAL VERETINARIO ARMONIA;BOA VIAGEM;;SUBURBIO;COLISÃO TRASEIRA;1;1;0;0;0;0;0;0;0;1;0;Longo da via;Bom;Não existe;Perfeito estado;Seca;Perfeito estado;Não existe;R-6a;;Única;Canteiro central;;
2021-07-17;10:12:00;COM VITIMA;CANCELADA;TORRE;RUA PADRE LANDIM;974;RUA CONDE DE IRAJA;APOS A PADARIA DO IRAJA;TORRE;;;COLISÃO TRANSVERSAL;1;1;0;0;0;0;0;0;0;1;0;;;;;;;;;;;;;
2021-07-17;14:11:00;COM VITIMA;FINALIZADA;ROSARINHO;RUA DR JOSE MARIA;855;;PROX AO TAMARIDU´S FESTAS S/T SUB;ROSARINHO;;;COLISÃO LATERAL;1;1;0;0;0;0;0;0;0;1;0;;;;;;;;;;;;;
2021-07-17;19:31:00;COM VITIMA;FINALIZADA;BOA VIAGEM;AV BOA VIAGEM;1998;;PROX AO EDFC PLAZA DEL MAR;BOA VIAGEM;117;CIDADE;ATROPELAMENTO DE PESSOA;0;1;0;0;1;0;0;0;0;1;0;Longo da via;Bom;Sem defeito;Perfeito estado;Seca;Perfeito estado;Faixa de pedestre;Não há placas;60 km/h;Única;Faixa contínua;;
2021-07-17;19:36:00;COM VITIMA;FINALIZADA;BOA VIAGEM;RUA VISCONDE DE JEQUITINHONHA;138;;LADO OPOSTO A CHURRASCARIA PONTEIO;BOA VIAGEM;;SUBURBIO;ATROPELAMENTO DE PESSOA;1;0;0;0;1;0;0;0;0;1;0;Longo da via;Bom;Não existe;Não existente;Seca;Perfeito estado;Não existe;Não há placas;;Única;Faixa seccionada;;
2021-07-17;20:39:40;COM VITIMA;FINALIZADA;CORDEIRO;AV GENERAL SAN MARTIN;624;RUA GOMES TABORDA;E/F A DROGASIL;CORDEIRO;67;SUBURBIO;COLISÃO TRANSVERSAL;1;1;0;0;0;0;0;0;0;1;0;Cruzamento;Chuvoso;Sem defeito;Não existente;Molhada;Perfeito estado;Faixa de pedestre;Outras;;Dupla;Faixa contínua;;Não existe
2021-07-17;22:21:40;COM VITIMA;FINALIZADA;BOA VIAGEM;AV BOA VIAGEM;2054;;E/F AO EDFC  CASA ALTA;BOA VIAGEM;117;;COLISÃO TRASEIRA;1;1;0;0;0;0;0;0;0;1;0;;;;;;;;;;;;;
2021-07-18;02:18:00;SEM ViTIMA;CANCELADA;IMBIRIBEIRA;AV MARECHAL MASCARENHAS DE MORAES;;;PROXIMO AO AO ATACADO DOS PRESENTES;IMBIRIBEIRA;;CIDADE;COLISÃO TRASEIRA;2;0;0;0;0;0;0;0;0;0;0;;;;;;;;;;;;;
2021-07-18;07:40:00;COM VITIMA;FINALIZADA;SANTO AMARO;AV DR JAYME DA FONTE;;AV CRUZ CABUGA;SEMÁFORO 373;SANTO AMARO;373;SUBURBIO;COLISÃO LATERAL;2;0;0;0;0;0;0;0;0;3;0;Cruzamento;Bom;Sem defeito;Perfeito estado;Seca;Perfeito estado;Faixa de pedestre;Outras;;Dupla;Canteiro central;;
2021-07-18;09:13:00;COM VITIMA;CANCELADA;MADALENA;AV ENGENHEIRO ABDIAS DE CARVALHO;252;;E/F A MC DONALD'S;MADALENA;;SUBURBIO;COLISÃO TRASEIRA;1;1;0;0;0;0;0;0;0;1;0;;;;;;;;;;;;;
2021-07-19;07:36:00;COM VITIMA;FINALIZADA;ILHA JOANA BEZERRA;VIADUTO CAPITAO TEMUDO;;;;ILHA JOANA BEZERRA;;CIDADE;QUEDA;0;1;0;0;0;0;0;0;0;1;0;Viaduto;Chuvoso;Não existe;Perfeito estado;Molhada;Perfeito estado;Agente;"Placas ""Dê a preferência""";;Dupla;Canteiro central;;
2021-07-19;08:17:00;SEM ViTIMA;FINALIZADA;VASCO DA GAMA;RUA ALTO DO EUCALIPTO;128;;;VASCO DA GAMA;;;;2;0;0;0;0;0;0;0;1;0;0;Longo da via;Chuvoso;Não existe;;Molhada;Perfeito estado;Não existe;Não há placas;30 km/h;Dupla;Não existe;;
2021-07-19;08:35:00;COM VITIMA;FINALIZADA;ARRUDA;AV BEBERIBE;1217;;ESTÁDIO DO SANTA CRUZ;ARRUDA;;CIDADE;COLISÃO TRASEIRA;1;1;0;0;0;0;0;0;0;1;0;Longo da via;Chuvoso;;Perfeito estado;Molhada;Perfeito estado;Faixa de pedestre;Outras;60 km/h;Dupla;Faixa contínua;;
2021-07-19;10:00:00;SEM ViTIMA;FINALIZADA;BOA VISTA;AV GOVERNADOR AGAMENON MAGALHAES;;;E/F AO COLÉGIO AMERICANO BATISTA;BOA VISTA;174;SUBURBIO;COLISÃO TRASEIRA;2;0;0;0;0;0;0;0;0;0;0;Longo da via;Chuvoso;Sem defeito;Perfeito estado;Molhada;Perfeito estado;Faixa de pedestre;Outras;60 km/h;Dupla;Canteiro central;;
2021-07-19;11:48:00;COM VITIMA;FINALIZADA;AFOGADOS;RUA SAO MIGUEL;443;RUA GENERAL CARLOS LIRA;EM FRENTE AO POSTO DE COMBUSTIVEL DISLUB;AFOGADOS;;SUBURBIO;COLISÃO LATERAL;1;1;0;0;0;0;0;0;0;1;0;Longo da via;Chuvoso;Não existe;Perfeito estado;Molhada;Perfeito estado;Faixa de pedestre;Não há placas;60 km/h;Dupla;Faixa contínua;;
2021-07-20;10:15:00;COM VITIMA;FINALIZADA;BOA VIAGEM;RUA SA E SOUZA;;RUA BARAO DE SOUZA LEAO;E/F AO COLÉGIO SANTOS DUMONT;BOA VIAGEM;159;SUBURBIO;ATROPELAMENTO DE PESSOA;0;0;0;0;1;0;0;0;0;1;0;Cruzamento;Bom;Sem defeito;Perfeito estado;Seca;Perfeito estado;Faixa de pedestre;Outras;60 km/h;Única;Faixa contínua;;
2021-07-20;15:57:00;COM VITIMA;FINALIZADA;CORDEIRO;RUA SOUZA BANDEIRA;52;AV CAXANGA;LIVRARIA E PAPELARIA CAXANGÁ;CORDEIRO;236;;COLISÃO LATERAL;1;1;0;0;0;0;0;0;0;1;0;Longo da via;Bom;Sem defeito;Perfeito estado;Seca;Perfeito estado;Faixa de pedestre;Não há placas;;Única;Faixa seccionada;;
2021-07-20;17:04:00;COM VITIMA;FINALIZADA;IMBIRIBEIRA;RUA SUELI LUNA MENELAU;;AV MARECHAL MASCARENHAS DE MORAES;EM FRENTE A OFICINA ELICAR;IMBIRIBEIRA;;CIDADE;COLISÃO LATERAL;1;1;0;0;0;0;0;0;0;1;0;Cruzamento;Bom;Não existe;Não existente;Seca;Perfeito estado;Não existe;"Placas ""Dê a preferência""";;Única;Não existe;;
2021-07-20;19:14:00;COM VITIMA;FINALIZADA;BOA VIAGEM;RUA CAMBOIM;505;;PRÓX AO TERMINAL DE SETUBAL;BOA VIAGEM;;DUPLO;COLISÃO TRASEIRA;1;1;0;0;0;0;0;0;0;1;0;Cruzamento;Bom;Não existe;Perfeito estado;Seca;Perfeito estado;Faixa de retenção;R-6a;;Dupla;Não existe;;
2021-07-20;19:30:00;COM VITIMA;FINALIZADA;ENCRUZILHADA;AV NORTE;;AV JOAO DE BARROS;LADO OPOSTO AO BANCO SANTANDER;ENCRUZILHADA;;SUBURBIO;COLISÃO COM CICLISTA;1;0;0;1;0;0;0;0;0;1;0;Longo da via;Bom;Sem defeito;Perfeito estado;Seca;Mal iluminada;Faixa de pedestre;Outras;60 km/h;Dupla;;;
2021-07-20;20:58:40;COM VITIMA;FINALIZADA;TORRE;RUA JOSE BONIFACIO;610;;PRÓX AO CARLITOS BURGUER E PADARIA NOVA ARMADA;TORRE;;SUBURBIO;COLISÃO LATERAL;0;2;0;0;0;0;0;0;0;1;0;Longo da via;Bom;Não existe;Perfeito estado;Seca;Perfeito estado;Não existe;Não há placas;60 km/h;Única;Faixa seccionada;;
2021-07-21;06:32:00;COM VITIMA;FINALIZADA;ENCRUZILHADA;AV NORTE;2459;;;ENCRUZILHADA;;CIDADE;QUEDA;0;1;0;0;0;0;0;0;0;1;0;Longo da via;Chuvoso;Não existe;;Molhada;;Não existe;R-6a;;Dupla;Canteiro central;;
2021-07-21;10:04:00;COM VITIMA;FINALIZADA;PINA;AV BOA VIAGEM;236;;EM FRENTE AO CONJUNTO BELMAR;PINA;;SUBURBIO;COLISÃO LATERAL;1;1;0;0;0;0;0;0;0;1;0;Longo da via;Chuvoso;Não existe;Perfeito estado;Molhada;Perfeito estado;Não existe;Não há placas;60 km/h;Única;Faixa seccionada;;