data;hora;natureza_acidente;situacao;bairro;endereco;numero;detalhe_endereco_acidente;complemento;bairro_cruzamento;num_semaforo;sentido_via;tipo;auto;moto;ciclom;ciclista;pedestre;onibus;caminhao;viatura;outros;vitimas;vitimasfatais;acidente_verificado;tempo_clima;situacao_semaforo;sinalizacao;condicao_via;conservacao_via;ponto_controle;situacao_placa;velocidade_max_via;mao_direcao;divisao_via1;divisao_via2;divisao_via3
2021-08-01;05:43:00;SEM ViTIMA;FINALIZADA;PINA;AVENIDA CELSO FURTADO (VIA MANGUE);;;PRÓXIMO AO EXTRA, SENTIDO PIEDADE;PINA;;;CHOQUE;1;0;0;0;0;0;0;0;0;0;0;;;;;;;;;;;;;
2021-08-01;15:11:00;COM VITIMA;FINALIZADA;MADALENA;AV CAXANGA;1221;;EM FRENTE À DROGASIL;MADALENA;236;CIDADE;COLISÃO LATERAL;0;2;0;0;0;0;0;0;0;2;0;Cruzamento;Bom;Sem defeito;Perfeito estado;Seca;Perfeito estado;Faixa de pedestre;;;Dupla;Faixa seccionada;Canteiro central;
2021-08-01;18:00:00;COM VITIMA;FINALIZADA;VÁRZEA;AV BARAO DE BONITO;702;RUA ENGENHEIRO VASCONCELOS BITTENCOURT;E/F A PANIFICADORA SEMPRE VIVA;VÁRZEA;;SUBURBIO;COLISÃO LATERAL;1;1;0;0;0;0;0;0;0;1;0;Cruzamento;Chuvoso;Não existe;Ilegível;Molhada;Mal conservada;Faixa de retenção;"Placas ""Pare""";;Dupla;Não existe;;
2021-08-01;18:18:00;COM VITIMA;CANCELADA;ILHA DO RETIRO;AV ENGENHEIRO ABDIAS DE CARVALHO;;;AO LADO DO CAMPO DO SPORT;ILHA DO RETIRO;;;COLISÃO LATERAL;1;1;0;0;0;0;0;0;0;1;0;;;;;;;;;;;;;
2021-08-02;09:48:00;COM VITIMA;FINALIZADA;CASA FORTE;AV DEZESSETE DE AGOSTO;1869;;EM FRENTE AO COLÉGIO MOTIVO;CASA FORTE;;CIDADE;COLISÃO LATERAL;1;1;0;0;0;0;0;0;0;1;0;Longo da via;Chuvoso;Sem defeito;Perfeito estado;Molhada;Perfeito estado;Faixa de pedestre;R-6a;;Dupla;Faixa contínua;;
2021-08-02;10:52:00;SEM ViTIMA;FINALIZADA;ENCRUZILHADA;RUA PROFESSOR JERONIMO GUEIROS;;RUA DONA ELVIRA;;ENCRUZILHADA;;SUBURBIO;;2;0;0;0;0;0;0;0;0;0;0;Cruzamento;Chuvoso;Não existe;Não existente;Molhada;Perfeito estado;Não existe;Não há placas;;Dupla;Não existe;;
2021-08-02;10:52:00;COM VITIMA;FINALIZADA;CAMPO GRANDE;RUA SAO CAETANO;290;RUA PROFESSOR FRANCISCO DA TRINDADE;CRUZAMENTO DOS VIAS;CAMPO GRANDE;;SUBURBIO;COLISÃO LATERAL;0;1;0;0;0;0;1;0;0;1;0;Cruzamento;Chuvoso;Não existe;Incompleta;Molhada;Perfeito estado;Não existe;Não há placas;;Dupla;Não existe;;
2021-08-02;13:22:00;SEM ViTIMA;FINALIZADA;ILHA DO RETIRO;RUA SPORT CLUBE DO RECIFE;;;LADO OPOSTO A LOJA OFICIAL DO SPORT CLUB DO RECIFE;ILHA DO RETIRO;367;SUBURBIO;COLISÃO TRASEIRA;1;0;0;0;0;0;1;0;0;0;0;Longo da via;Bom;Sem defeito;Perfeito estado;Seca;Perfeito estado;Faixa de pedestre;Não há placas;60 km/h;Única;Canteiro central;;
2021-08-02;17:54:00;COM VITIMA;FINALIZADA;PINA;PTE GOVERNADOR PAULO GUERRA;;;NO MEIO DA PONTE;PINA;;SUBURBIO;COLISÃO LATERAL;3;0;0;0;0;0;0;0;0;1;0;Longo da via;Chuvoso;Não existe;Perfeito estado;Molhada;Perfeito estado;Não existe;Não há placas;60 km/h;Única;Faixa seccionada;;
2021-08-02;20:00:00;COM VITIMA;FINALIZADA;BOA VIAGEM;RUA DEZ DE JULHO;210;RUA CAMBOIM;;BOA VIAGEM;;SUBURBIO;COLISÃO FRONTAL;2;0;0;0;0;0;0;0;0;2;0;Cruzamento;Chuvoso;Não existe;Perfeito estado;Molhada;Perfeito estado;Faixa de pedestre;"Placas ""Pare""";;Única;Faixa seccionada;;
2021-08-02;20:53:00;SEM ViTIMA;FINALIZADA;BOA VIAGEM;AV BOA VIAGEM;;;E/F A PADARIA BOA VIAGEM;BOA VIAGEM;;;COLISÃO TRANSVERSAL;1;1;0;0;0;0;0;0;0;0;0;;;;;;;;;;;;;
2021-08-03;01:15:00;COM VITIMA;CANCELADA;ALTO JOSÉ DO PINHO;RUA VALERIANO LOBO;264;;DESCIDA DO ONIBUS DO ALTO JOSÉ DO PINHO;ALTO JOSÉ DO PINHO;;;COLISÃO TRASEIRA;1;2;0;0;0;0;0;0;0;1;0;;;;;;;;;;;;;
2021-08-03;07:58:00;COM VITIMA;FINALIZADA;SANTO AMARO;AV GOVERNADOR AGAMENON MAGALHAES;;;EM FRENTE A FIORE / SENTIDO OLINDA;SANTO AMARO;465;OLINDA;COLISÃO LATERAL;1;1;0;0;0;0;0;0;0;1;0;Longo da via;Chuvoso;Sem defeito;Perfeito estado;Molhada;Perfeito estado;Faixa de pedestre;Não há placas;60 km/h;Dupla;Canteiro central;;
2021-08-03;08:53:00;SEM ViTIMA;FINALIZADA;APIPUCOS;RUA DOIS IRMAOS;;;;APIPUCOS;;;COLISÃO LATERAL;0;0;0;0;0;0;0;0;0;0;0;;;;;;;;;;;;;
2021-08-03;08:57:00;COM VITIMA;FINALIZADA;DOIS IRMÃOS;AV DEZESSETE DE AGOSTO;;;11° BATALHÃO DA PMPE;DOIS IRMÃOS;;CIDADE;QUEDA;0;1;0;0;0;0;0;0;0;1;0;Cruzamento;Chuvoso;Sem defeito;Perfeito estado;Oleosa;Perfeito estado;Não existe;Outras;;Dupla;Faixa contínua;;
2021-08-03;11:33:00;SEM ViTIMA;FINALIZADA;DOIS IRMÃOS;RUA DOIS IRMAOS;;;EM FRENTE  AESCOLA DE REF.  PROF. CANDIDO DUARTE;DOIS IRMÃOS;;CIDADE;;1;0;0;0;0;0;1;0;0;0;0;Longo da via;Chuvoso;Não existe;Perfeito estado;Molhada;Perfeito estado;Não existe;Não há placas;;Dupla;Faixa contínua;;
2021-08-03;17:23:00;SEM ViTIMA;FINALIZADA;CASA FORTE;PRC JORNALISTA FRANCISCO PESSOA DE QUEIROZ JR;23;;BIG BOMPREÇO CASA FORTE;CASA FORTE;;;MONITORAMENTO;0;0;0;0;0;0;0;0;0;0;0;;;;;;;;;;;;;
2021-08-03;12:43:00;SEM ViTIMA;FINALIZADA;DOIS IRMÃOS;RUA MANUEL DE MEDEIROS;;;UFRPE;DOIS IRMÃOS;;;MONITORAMENTO;0;0;0;0;0;0;0;0;0;0;0;;;;;;;;;;;;;
2021-08-03;13:23:00;COM VITIMA;FINALIZADA;JAQUEIRA;RUA DO FUTURO;1309;;EM FRENTE AO VERAFRUT;JAQUEIRA;;SUBURBIO;COLISÃO LATERAL;1;1;0;0;0;0;0;0;0;1;0;Longo da via;Bom;Não existe;Perfeito estado;Seca;Perfeito estado;Não existe;Não há placas;;Única;Faixa seccionada;;
2021-08-03;10:00:00;SEM ViTIMA;DUPLICIDADE;DOIS IRMÃOS;RUA DOIS IRMAOS;;;EM FRENTE A ESCOLA ESTADUAL PROF CÃNDIDO DUARTE;DOIS IRMÃOS;;;COLISÃO LATERAL;1;0;0;0;0;0;1;0;0;0;0;;;;;;;;;;;;;
2021-08-03;16:19:00;COM VITIMA;FINALIZADA;ESPINHEIRO;RUA BARAO DE ITAMARACA;123;;EM FRENTE AO CONSULTORIOS INTEGRADOS;ESPINHEIRO;;SUBURBIO;COLISÃO TRASEIRA;1;1;0;0;0;0;0;0;0;1;0;Longo da via;Bom;Não existe;Perfeito estado;Seca;Perfeito estado;Outros;R-6a;;Dupla;Faixa contínua;Faixa seccionada;
2021-08-03;16:49:00;COM VITIMA;FINALIZADA;AFOGADOS;RUA COSME VIANA;;RUA PADRE TEOFILO TWORZ;LADO OPOSTO A TUPAN;AFOGADOS;;SUBURBIO;COLISÃO FRONTAL;1;1;0;0;0;0;0;0;0;2;0;Cruzamento;Bom;Não existe;Não existente;Seca;Perfeito estado;Não existe;Não há placas;;Única;Não existe;;
2021-08-03;19:44:00;COM VITIMA;CANCELADA;IMBIRIBEIRA;VIADUTO TANCREDO NEVES;;;NA DESCIDA DO VIADUTO;IMBIRIBEIRA;;;COLISÃO LATERAL;1;1;0;0;0;0;0;0;0;1;0;;;;;;;;;;;;;
2021-08-04;10:25:00;SEM ViTIMA;FINALIZADA;AREIAS;AV RECIFE;;;EM FRENTE AO BIG BOMPREÇO;AREIAS;;SUBURBIO;;0;0;0;0;0;0;1;1;0;0;0;Longo da via;Chuvoso;Sem defeito;Perfeito estado;Molhada;Perfeito estado;Faixa de retenção;Não há placas;;Única;Faixa seccionada;;
2021-08-04;16:57:00;COM VITIMA;FINALIZADA;ESPINHEIRO;RUA CONS PORTELA;665;AV JOAO DE BARROS;PROX AO CHINA 48;ESPINHEIRO;;SUBURBIO;COLISÃO LATERAL;1;1;0;0;0;0;0;0;0;1;0;Cruzamento;Chuvoso;Não existe;Perfeito estado;Molhada;Perfeito estado;Não existe;R-6a;;Única;Faixa seccionada;;
2021-08-04;18:15:00;COM VITIMA;FINALIZADA;JOANA BEZERRA;RUA DOM PAULO II;;;SOBRE O VIADUTO;JOANA BEZERRA;;SUBURBIO;QUEDA;0;1;0;0;0;0;0;0;0;1;0;Viaduto;Chuvoso;Não existe;Perfeito estado;Molhada;Perfeito estado;Não existe;Não há placas;;Única;Faixa seccionada;;
2021-08-05;00:03:00;COM VITIMA;FINALIZADA;DERBY;AV GOVERNADOR AGAMENON MAGALHAES;;;SEMAFORO N° 75;DERBY;75;CIDADE;COLISÃO TRANSVERSAL;0;0;0;0;0;0;0;0;0;1;0;Cruzamento;Chuvoso;Sem defeito;Perfeito estado;Molhada;Perfeito estado;Faixa de pedestre;Outras;60 km/h;Dupla;Canal;;
2021-08-05;06:34:00;COM VITIMA;FINALIZADA;PINA;AV HERCULANO BANDEIRA;855;RUA NOGUEIRA DE SOUZA;;PINA;657;SUBURBIO;COLISÃO TRASEIRA;1;1;0;0;0;0;0;0;0;1;0;Cruzamento;Chuvoso;Sem defeito;Perfeito estado;Molhada;Perfeito estado;Faixa de pedestre;Não há placas;;Única;Faixa seccionada;;
2021-08-05;07:59:00;COM VITIMA;FINALIZADA;ZUMBI;AV CAXANGA;773;;E/F A ESTAÇÃO BRT ZUMBI;ZUMBI;273;CIDADE;ATROPELAMENTO DE PESSOA;0;1;0;0;1;0;0;0;0;2;0;Longo da via;Chuvoso;Sem defeito;Perfeito estado;Molhada;;Faixa de pedestre;Não há placas;;Dupla;Canteiro central;;
2021-08-05;08:03:00;COM VITIMA;FINALIZADA;IBURA;AV DOIS RIOS;;RUA PINTOR AGENOR DE ALBUQUERQUE CESAR;;IBURA;561;SUBURBIO;COLISÃO COM CICLISTA;0;1;0;1;0;0;0;0;0;2;0;;;;;;;;;;;;;
2021-08-05;08:49:00;SEM ViTIMA;FINALIZADA;IPSEP;RUA HELIO BRANDAO;169;RUA ADERBAL DE MELO;;IPSEP;;SUBURBIO;COLISÃO TRANSVERSAL;3;0;0;0;0;0;0;0;0;0;0;Cruzamento;Chuvoso;Não existe;Perfeito estado;Molhada;Perfeito estado;Não existe;"Placas ""Pare""";;Dupla;Não existe;;
2021-08-05;09:35:00;COM VITIMA;FINALIZADA;SANTO ANTÔNIO;RUA IMPERADOR PEDRO SEGUNDO;221;;EM FRENTE AO PREDIO DA OAB;SANTO ANTÔNIO;;CIDADE;QUEDA;0;1;0;0;0;0;0;0;0;1;0;Longo da via;Chuvoso;Não existe;Não existente;Molhada;Perfeito estado;Não existe;Não há placas;;Única;Faixa seccionada;;
2021-08-05;09:49:00;COM VITIMA;FINALIZADA;VÁRZEA;AV AFONSO OLINDENSE;;;EM FRENTE A SECRETARIA DE EDUCAÇÃO;VÁRZEA;;SUBURBIO;;1;1;0;0;0;0;0;0;0;1;0;Longo da via;Chuvoso;Não existe;Incompleta;Molhada;Perfeito estado;Não existe;Não há placas;40 km/h;Dupla;Faixa seccionada;;
2021-08-05;12:22:00;COM VITIMA;FINALIZADA;HIPÓDROMO;RUA MEM DE SA;254;;AO LADO DA COCA COLA;HIPÓDROMO;495;SUBURBIO;COLISÃO LATERAL;1;1;0;0;0;0;0;0;0;1;0;Cruzamento;Chuvoso;Sem defeito;Perfeito estado;Molhada;Perfeito estado;Não existe;Não há placas;;Dupla;Faixa seccionada;;
2021-08-05;14:55:00;COM VITIMA;FINALIZADA;DOIS IRMÃOS;RUA MANUEL DE MEDEIROS;;;POSTE BO14915;DOIS IRMÃOS;;CIDADE;COLISÃO LATERAL;1;1;0;0;0;0;0;0;0;1;0;Longo da via;Bom;Não existe;Não existente;Seca;Mal conservada;Não existe;Não há placas;;Dupla;Não existe;;
2021-08-05;15:42:00;COM VITIMA;FINALIZADA;BOA VIAGEM;AV ENGENHEIRO DOMINGOS FERREIRA;;RUA ARISTIDES MUNIZ;DIOLDSER DEPILAÇOES A LASER;BOA VIAGEM;;SUBURBIO;COLISÃO LATERAL;2;1;0;0;0;0;0;0;0;1;0;Longo da via;Bom;Não existe;;Seca;Perfeito estado;Não existe;Não há placas;;Única;Faixa seccionada;;
2021-08-05;20:15:00;COM VITIMA;FINALIZADA;CASA AMARELA;AV NORTE MIGUEL ARRAES DE ALENCAR;5071;;EM FRENTE A ANTIGA CASA DA BIKE NORTE;CASA AMARELA;677;CIDADE;COLISÃO LATERAL;1;1;0;0;0;0;0;0;0;1;0;Longo da via;Chuvoso;Sem defeito;Perfeito estado;Molhada;Perfeito estado;Outros;Outras;;Única;Faixa seccionada;;
2021-08-05;20:33:40;VITIMA FATAL;FINALIZADA;VASCO DA GAMA;RUA VASCO DA GAMA;1158;;EM FRENTE AO N° 1134;VASCO DA GAMA;;SUBURBIO;COLISÃO COM CICLISTA;0;0;0;1;0;1;0;0;0;0;1;Longo da via;Chuvoso;Não existe;Incompleta;Molhada;Mal conservada;Não existe;Não há placas;;Dupla;Não existe;;
2021-08-06;06:42:00;COM VITIMA;FINALIZADA;GRAÇAS;RUA BRUNO MAIA;;RUA JOAO RAMOS;OPOSTO AO STUDIO PORTAL DAS GRAÇAS;GRAÇAS;;CIDADE;COLISÃO TRANSVERSAL;0;1;0;0;0;0;0;1;0;2;0;Cruzamento;Bom;Não existe;Perfeito estado;Seca;Perfeito estado;Faixa de pedestre;"Placas ""Pare""";;Única;Não existe;;
2021-08-06;06:59:00;COM VITIMA;FINALIZADA;IMBIRIBEIRA;AV MARECHAL MASCARENHAS DE MORAES;;;EM FRENTE A IMBIRIBEIRA DISEL;IMBIRIBEIRA;;;QUEDA;0;1;0;0;0;0;0;0;0;1;0;;;;;;;;;;;;;
2021-08-06;09:21:00;COM VITIMA;FINALIZADA;IPSEP;AV RAIMUNDO DINIZ;124;;PRAÇA DA SUDENE;IPSEP;;SUBURBIO;COLISÃO LATERAL;1;0;0;0;0;1;0;0;0;1;0;Longo da via;Bom;Não existe;Perfeito estado;Seca;Perfeito estado;Não existe;Não há placas;60 km/h;Dupla;Faixa seccionada;;
2021-08-06;18:24:00;COM VITIMA;FINALIZADA;AREIAS;AV TAPAJOS;294;RUA IBIMIRIM;E/F AO HORTIFRUTI PRIMAS;AREIAS;;CIDADE;COLISÃO FRONTAL;1;1;0;0;0;0;0;0;0;1;0;Cruzamento;Bom;Não existe;Não existente;Seca;Perfeito estado;Não existe;Não há placas;;Dupla;Não existe;;
2021-08-06;20:47:00;COM VITIMA;FINALIZADA;BOA VIAGEM;AV ENGENHEIRO DOMINGOS FERREIRA;1818;;EM FRENTE CERPE;BOA VIAGEM;;SUBURBIO;COLISÃO TRASEIRA;1;1;0;0;0;0;0;0;0;1;0;Longo da via;Bom;Sem defeito;Perfeito estado;Seca;Perfeito estado;Faixa de pedestre;Outras;;Única;Canteiro central;;
2021-08-07;01:33:00;COM VITIMA;FINALIZADA;AFOGADOS;EST DOS REMEDIOS;;RUA SAO MIGUEL;PRÓXIMO A IGREJA DO LARGO DA PAZ;AFOGADOS;;SUBURBIO;COLISÃO TRANSVERSAL;2;0;0;0;0;0;0;0;0;2;0;Cruzamento;Chuvoso;Sem defeito;Perfeito estado;Molhada;Perfeito estado;Não existe;Não há placas;;Única;Faixa seccionada;;
2021-08-07;05:45:00;COM VITIMA;FINALIZADA;MADALENA;RUA JOSE BONIFACIO;;;RESTAURANTE  JOÃO DA CARNE DO SOL;MADALENA;;SUBURBIO;CHOQUE;1;0;0;0;0;0;0;0;0;1;0;Longo da via;Bom;Não existe;Perfeito estado;Seca;Perfeito estado;Não existe;R-6a;;Única;Faixa seccionada;;
2021-08-07;08:25:00;COM VITIMA;FINALIZADA;TORRE;AV BEIRA RIO;108;RUA CONDE DE IRAJA;PROX. A PONTE DA TORRE;TORRE;630;SUBURBIO;COLISÃO FRONTAL;2;0;0;0;0;0;0;0;0;1;0;Cruzamento;Bom;Sem defeito;Perfeito estado;Seca;Perfeito estado;Outros;Outras;;Única;Faixa seccionada;;
2021-08-07;10:17:00;COM VITIMA;FINALIZADA;BOA VIAGEM;AV BOA VIAGEM;1320;;PROXIMO AO QUIOSQUE N° 08;BOA VIAGEM;;SUBURBIO;COLISÃO LATERAL;2;1;0;0;0;0;0;0;0;1;0;Longo da via;Bom;Não existe;Perfeito estado;Seca;Perfeito estado;Não existe;Outras;;Dupla;Faixa seccionada;;
2021-08-07;14:42:00;OUTROS;FINALIZADA;SANTO AMARO;AV CRUZ CABUGA;;;PROXIMO A VICE GOVERNADORIA;SANTO AMARO;;CIDADE;OUTROS;1;0;0;0;0;0;0;0;0;0;0;;;;;;;;;;;;;
2021-08-08;06:39:00;SEM ViTIMA;FINALIZADA;;;;;;;;;;0;0;0;0;0;0;0;0;0;0;0;;;;;;;;;;;;;
2021-08-07;15:49:00;COM VITIMA;FINALIZADA;MUSTARDINHA;AV MANOEL GONCALVES DA LUZ;8601;RUA TEJUCUPAPO;ENFRENTE A PRAÇA DO ABC;MUSTARDINHA;;;COLISÃO TRASEIRA;1;1;0;0;0;0;0;0;0;1;0;Longo da via;Bom;Não existe;Perfeito estado;Seca;Perfeito estado;Faixa de pedestre;Outras;;Dupla;Faixa seccionada;;
2021-08-07;17:13:00;COM VITIMA;FINALIZADA;VÁRZEA;RUA GASTAO VIDIGAL;429;RUA DIAS D'AVILA;AO DO HOTEL COSTA AZUL;VÁRZEA;;SUBURBIO;COLISÃO LATERAL;1;1;0;0;0;0;0;0;0;1;0;Cruzamento;Chuvoso;Não existe;Incompleta;Molhada;Perfeito estado;Não existe;Não há placas;;Dupla;Não existe;;
2021-08-07;18:39:00;COM VITIMA;CANCELADA;PARNAMIRIM;RUA JOAO TUDE DE MELO;;;E/F AO GUAIAMUM GIGANTE;PARNAMIRIM;;;COLISÃO LATERAL;1;1;0;0;0;0;0;0;0;1;0;;;;;;;;;;;;;
2021-08-08;11:00:00;COM VITIMA;FINALIZADA;IMBIRIBEIRA;AV MARECHAL MASCARENHAS DE MORAES;4561;;EM FRENTE A UNIDAS;IMBIRIBEIRA;;CIDADE;COLISÃO LATERAL;1;1;0;0;0;0;0;0;0;1;0;Longo da via;Bom;Sem defeito;Perfeito estado;Seca;Perfeito estado;;Não há placas;;Dupla;Canteiro central;;
2021-08-08;19:58:00;SEM ViTIMA;FINALIZADA;JARDIM SÃO PAULO;RUA NOSSA SENHORA DE FATIMA;245;;;JARDIM SÃO PAULO;;SUBURBIO;;2;0;1;0;0;0;0;0;0;0;0;Longo da via;Bom;Não existe;Não existente;Seca;Perfeito estado;Não existe;Não há placas;;Dupla;Não existe;;
2021-08-08;20:58:40;COM VITIMA;FINALIZADA;BOA VIAGEM;RUA JOAO CARDOSO AIRES;579;RUA ALMIRANTE BATISTA LEAO;E/F AO PARQUE DA PIZZA;BOA VIAGEM;;SUBURBIO;COLISÃO TRASEIRA;1;1;0;0;0;0;0;0;0;1;0;Cruzamento;Bom;Não existe;Incompleta;Seca;Mal iluminada;Faixa de retenção;"Placas ""Pare""";30 km/h;Única;;;
2021-08-09;00:05:00;COM VITIMA;FINALIZADA;IPUTINGA;AV CAXANGA;4210;AV LUIZ DE LACERDA;EM FRENTE A CHEVROLET;IPUTINGA;;SUBURBIO;COLISÃO LATERAL;1;1;0;0;0;0;0;0;0;1;0;Longo da via;Chuvoso;Sem defeito;Perfeito estado;Molhada;Perfeito estado;Não existe;Não há placas;60 km/h;Única;Faixa seccionada;;
2021-08-09;01:17:00;COM VITIMA;FINALIZADA;MADALENA;AV VISCONDE DE ALBUQUERQUE;270;RUA JOSE OSORIO;EM FRENTE A EXTRA FARMA;MADALENA;50;SUBURBIO;COLISÃO FRONTAL;2;0;0;0;0;0;0;0;0;1;0;Cruzamento;Chuvoso;Sem defeito;Perfeito estado;Molhada;Perfeito estado;Não existe;Não há placas;60 km/h;Única;Faixa seccionada;;
2021-08-09;07:25:00;COM VITIMA;FINALIZADA;SANTO AMARO;AV GOVERNADOR AGAMENON MAGALHAES;;;SOBRE VIADUTO DA INDEPENDENCIA;SANTO AMARO;;CIDADE;COLISÃO TRASEIRA;1;1;0;0;0;0;0;0;0;1;0;Viaduto;Bom;Sem defeito;Perfeito estado;Seca;Perfeito estado;Faixa de pedestre;Outras;60 km/h;Única;Faixa contínua;;
2021-08-09;08:48:00;COM VITIMA;FINALIZADA;CORDEIRO;RUA GOMES TABORDA;1645;RUA FIRMINO DE BARROS;EM FRENTE A POWER CAR BATERIAS;CORDEIRO;;;COLISÃO LATERAL;1;1;0;0;0;0;0;0;0;1;0;Cruzamento;Chuvoso;Não existe;;Molhada;Perfeito estado;Não existe;Não há placas;40 km/h;Dupla;Faixa seccionada;;
2021-08-09;09:07:00;COM VITIMA;FINALIZADA;IMBIRIBEIRA;AV MARECHAL MASCARENHAS DE MORAES;820;;E/F A RECIFE RADIADORES;IMBIRIBEIRA;;SUBURBIO;COLISÃO TRASEIRA;2;0;0;0;0;0;0;0;0;1;0;;;;;;;;;;;;;
2021-08-09;09:28:00;COM VITIMA;FINALIZADA;BOA VIAGEM;AV CONSELHEIRO AGUIAR;810;RUA ATLANTICO;RESTAURANTE JOHNY GASTROBAR;BOA VIAGEM;;CIDADE;COLISÃO FRONTAL;1;1;0;0;0;0;0;0;0;1;0;Cruzamento;Chuvoso;Não existe;Perfeito estado;Molhada;Perfeito estado;Faixa de pedestre;"Placas ""Pare""";;Única;Faixa seccionada;;
2021-08-09;11:09:00;COM VITIMA;FINALIZADA;AREIAS;AV RECIFE;;;LADO OPOSTO AO ARMAZÉM CORAL ACHAQUI M° 726;AREIAS;;;QUEDA;0;1;0;0;0;0;0;0;0;1;0;Longo da via;Chuvoso;Não existe;Perfeito estado;Molhada;Perfeito estado;Não existe;Não há placas;;Dupla;Canteiro central;;
2021-08-09;13:05:00;COM VITIMA;FINALIZADA;IPUTINGA;AV MAURICIO DE NASSAU;86;;LA MELIO MODA FEMININA;IPUTINGA;109;CIDADE;COLISÃO COM CICLISTA;1;0;0;1;0;0;0;0;0;1;0;Longo da via;Chuvoso;Sem defeito;Perfeito estado;Molhada;Perfeito estado;Faixa de pedestre;Outras;;Dupla;Faixa contínua;Faixa seccionada;
2021-08-09;14:45:00;COM VITIMA;FINALIZADA;ARRUDA;AV BEBERIBE;548;;E/F AO LOJÃO DO PETRÓLEO;ARRUDA;;SUBURBIO;COLISÃO COM CICLISTA;0;1;0;1;0;0;0;0;0;3;0;Longo da via;Chuvoso;Sem defeito;Perfeito estado;Molhada;Perfeito estado;Não existe;Outras;;Dupla;Faixa contínua;;
2021-08-09;17:27:00;COM VITIMA;FINALIZADA;SANTO ANTÔNIO;AV N S DO CARMO;50;;LADO OPOSTO A CASA PIO;SANTO ANTÔNIO;;SUBURBIO;ATROPELAMENTO DE PESSOA;0;0;0;0;1;1;0;0;0;1;0;Longo da via;Chuvoso;Sem defeito;Perfeito estado;Molhada;Perfeito estado;Não existe;Outras;;Dupla;Outros;;
2021-08-10;00:02:00;COM VITIMA;FINALIZADA;SAN MARTIN;AV ENGENHEIRO ABDIAS DE CARVALHO;;;LADO OPOSTO A UPA;SAN MARTIN;;CIDADE;QUEDA;0;1;0;0;0;0;0;1;0;1;0;Longo da via;Chuvoso;Sem defeito;Incompleta;Molhada;Mal iluminada;Não existe;Não há placas;60 km/h;Dupla;Canteiro central;;
2021-08-10;06:49:00;SEM ViTIMA;FINALIZADA;VÁRZEA;AV CAXANGA;5759;;LADO OPOSTO AO TERMINAL INTEGRADO DA CAXANGÁ;VÁRZEA;262;CIDADE;COLISÃO TRASEIRA;3;0;0;0;0;0;0;0;0;0;0;Longo da via;Chuvoso;Sem defeito;Perfeito estado;Molhada;Perfeito estado;Agente;;;Única;Faixa contínua;;
2021-08-10;07:17:00;COM VITIMA;FINALIZADA;BOA VIAGEM;RUA VISCONDE DE JEQUITINHONHA;1656;;EM FRENTE AO POSTO SHELL;BOA VIAGEM;;SUBURBIO;COLISÃO TRASEIRA;0;0;0;0;0;2;0;0;0;1;0;Longo da via;Chuvoso;Sem defeito;Perfeito estado;Molhada;Perfeito estado;Não existe;Não há placas;60 km/h;Única;Faixa seccionada;;
2021-08-10;11:35:00;COM VITIMA;CANCELADA;SANTO AMARO;AV JOAO DE BARROS;;;PRÓX AO CONSERVATÓRIO PERNAMBUCANO DE MÚSICA;SANTO AMARO;198;;COLISÃO COM CICLISTA;1;0;0;1;0;0;0;0;0;1;0;;;;;;;;;;;;;
2021-08-10;12:16:00;COM VITIMA;FINALIZADA;BOA VISTA;RUA DO HOSPICIO;;;E/F A CAMERA DOS VEREADORES;BOA VISTA;31;CIDADE;COLISÃO LATERAL;1;1;0;0;0;0;0;0;0;1;0;Cruzamento;Chuvoso;Sem defeito;Incompleta;Molhada;Perfeito estado;Agente;Outras;;Dupla;Faixa contínua;;
2021-08-10;17:02:00;COM VITIMA;FINALIZADA;BOA VIAGEM;RUA BALTAZAR PASSOS;;RUA VISCONDE DE JEQUITINHONHA;;BOA VIAGEM;154;;COLISÃO LATERAL;1;1;0;0;0;0;0;0;0;1;0;Cruzamento;Bom;Sem defeito;Perfeito estado;Seca;Perfeito estado;Faixa de pedestre;R-25d;;Dupla;Faixa contínua;;
2021-08-10;18:36:00;VITIMA FATAL;FINALIZADA;ENCRUZILHADA;EST DE BELEM;175;RUA DONA JULIETA;EM FRENTE A IGREJA CATÓLICA DE BELÉM E EDF JULIO ll;ENCRUZILHADA;;CIDADE;COLISÃO TRANSVERSAL;1;1;0;0;0;0;0;0;0;0;1;Cruzamento;Bom;Não existe;Perfeito estado;Seca;Perfeito estado;Não existe;R-6a;;Dupla;Faixa contínua;Faixa seccionada;
2021-08-10;19:54:00;SEM ViTIMA;CANCELADA;ILHA DO LEITE;RUA FRANCISCO ALVES;;;E/F AO HOSPITAL HOPE;ILHA DO LEITE;;;COLISÃO LATERAL;1;0;0;0;0;1;0;0;0;0;0;;;;;;;;;;;;;