data;hora;natureza_acidente;situacao;bairro;endereco;numero;detalhe_endereco_acidente;complemento;bairro_cruzamento;num_semaforo;sentido_via;tipo;auto;moto;ciclom;ciclista;pedestre;onibus;caminhao;viatura;outros;vitimas;vitimasfatais;acidente_verificado;tempo_clima;situacao_semaforo;sinalizacao;condicao_via;conservacao_via;ponto_controle;situacao_placa;velocidade_max_via;mao_direcao;divisao_via1;divisao_via2;divisao_via3
2021-09-01;14:37:00;COM VITIMA;FINALIZADA;PRADO;AV ENGENHEIRO ABDIAS DE CARVALHO;50;RUA SANTA EDWIRGES;BOSCH CAR SERVICE;PRADO;354;CIDADE;COLISÃO TRASEIRA;1;1;0;0;0;0;0;0;0;1;0;Longo da via;Bom;Sem defeito;Perfeito estado;Seca;Perfeito estado;Não existe;Não há placas;;Única;Faixa contínua;;
2021-09-01;15:16:00;COM VITIMA;CANCELADA;BOA VIAGEM;RUA JOAO CARDOSO AIRES;971;;E/F AO RESTAURANTE DO BAMBAM GRILL;BOA VIAGEM;;;COLISÃO FRONTAL;1;1;0;0;0;0;0;0;0;1;0;;;;;;;;;;;;;
2021-09-01;15:33:00;COM VITIMA;FINALIZADA;VASCO DA GAMA;RUA ALTO NOVO MUNDO;42;RUA VASCO DA GAMA;RUA EM FRENTE AO MERCADINHO LAYS;VASCO DA GAMA;;SUBURBIO;COLISÃO LATERAL;1;1;0;0;0;0;0;0;0;1;0;Longo da via;Bom;Não existe;Não existente;Seca;Perfeito estado;Não existe;Não há placas;30 km/h;Dupla;Não existe;;
2021-09-01;16:22:00;SEM ViTIMA;FINALIZADA;CORDEIRO;AV GENERAL SAN MARTIN;1083;;EM FRENTE AOS CORREIOS;CORDEIRO;;CIDADE;;1;0;0;0;0;0;0;0;2;0;0;Longo da via;Bom;Não existe;Ilegível;Seca;Perfeito estado;Não existe;Não há placas;;Dupla;Faixa contínua;;
2021-09-01;17:06:00;COM VITIMA;FINALIZADA;BOA VIAGEM;RUA PADRE CARAPUCEIRO;;;EM FRENTE A LOJA CEA;BOA VIAGEM;;;COLISÃO TRASEIRA;2;0;0;0;0;0;0;0;0;1;0;Longo da via;Bom;Não existe;Perfeito estado;Seca;Perfeito estado;Não existe;"Placas ""Pare""";;Única;Não existe;;
2021-09-01;18:41:00;COM VITIMA;FINALIZADA;IPSEP;RUA ALVARO MOREYRA;237;AV RAIMUNDO DINIZ;PRÓX A DELEGACIA DO IPSEP E ESCOLA LAURO DINIZ;IPSEP;;CIDADE;COLISÃO LATERAL;1;1;0;0;0;0;0;0;0;1;0;Cruzamento;Bom;Não existe;Perfeito estado;Seca;Perfeito estado;Não existe;Outras;;Dupla;Faixa seccionada;;
2021-09-02;08:33:00;COM VITIMA;FINALIZADA;SÃO JOSÉ;VDO PAPA JOAO PAULO II;;;AÇAI DA DESCIDA DO VIADUTO;SÃO JOSÉ;;BOA VIAGEM;COLISÃO COM CICLISTA;0;0;0;1;0;0;0;0;0;1;0;Longo da via;Bom;Não existe;Perfeito estado;Seca;Perfeito estado;Não existe;Não há placas;60 km/h;Única;Faixa seccionada;;
2021-09-02;08:54:00;COM VITIMA;FINALIZADA;PAISSANDU;AV GOVERNADOR AGAMENON MAGALHAES;318;;EM FRENTE AO N° 4318;PAISSANDU;69;BOA VIAGEM;ATROPELAMENTO DE PESSOA;0;1;0;0;2;0;0;0;0;2;0;Longo da via;Bom;Sem defeito;Perfeito estado;Seca;Perfeito estado;Agente;Não há placas;60 km/h;Dupla;Canteiro central;;
2021-09-02;09:38:00;COM VITIMA;DUPLICIDADE;PAISSANDU;AV GOVERNADOR AGAMENON MAGALHAES;;;EM FRENTE O EMPRESARIAL RENATO DIAS, SENTIDO JOANA BEZERRA;PAISSANDU;;SUBURBIO;ATROPELAMENTO DE PESSOA;0;1;0;0;2;0;0;0;0;2;0;;;;;;;;;;;;;
2021-09-02;10:14:00;COM VITIMA;FINALIZADA;JIQUIÁ;AV DR JOSE RUFINO;2015;;POSTO DE COMBUSTÍVEL PETROISA;JIQUIÁ;;SUBURBIO;COLISÃO TRASEIRA;0;1;0;0;0;0;1;0;0;1;0;Longo da via;Bom;Não existe;Perfeito estado;Seca;Perfeito estado;Não existe;Não há placas;;Dupla;Não existe;;
2021-09-02;15:22:00;COM VITIMA;FINALIZADA;PINA;PRC GOVERNADOR PAULO GUERRA;;;S/T  CID E/F AO IATE CLUBE DO RECIFE  NA DESCIDA DA PONTE DO PINA;PINA;;CIDADE;COLISÃO TRASEIRA;0;2;0;0;0;0;0;0;0;2;0;Outros;Bom;Não existe;Perfeito estado;Seca;Perfeito estado;Não existe;Outras;60 km/h;Única;Faixa seccionada;;
2021-09-03;08:21:00;COM VITIMA;FINALIZADA;IPSEP;AV RECIFE;3033;;LADO OPOSTO AO N° 3033;IPSEP;;CIDADE;COLISÃO TRASEIRA;1;1;0;0;0;0;0;0;0;1;0;Longo da via;Bom;Não existe;Perfeito estado;Seca;Perfeito estado;;;;;;;
2021-09-03;12:29:00;COM VITIMA;FINALIZADA;TORRE;AV PROFESSOR ESTEVAO FRANCISCO DA COSTA;325;RUA 10 DE NOVEMBRO;NO SEMÁFORO 280;TORRE;280;;COLISÃO FRONTAL;1;1;0;0;0;0;0;0;0;1;0;Cruzamento;Bom;Sem defeito;Perfeito estado;Seca;Perfeito estado;Faixa de pedestre;Outras;;Única;;;
2021-09-03;12:31:00;SEM ViTIMA;FINALIZADA;BOA VIAGEM;AV ANTONIO TORRES GALVAO;;AV ANTONIO TORRES GALVAO;PROXIMO A FORD;BOA VIAGEM;;;COLISÃO TRASEIRA;0;0;0;0;0;0;0;0;0;0;0;;;;;;;;;;;;;
2021-09-03;12:36:00;COM VITIMA;FINALIZADA;TAMARINEIRA;RUA JUNDIA;;;AO LADO DA FERREIRA COSTA;TAMARINEIRA;;SUBURBIO;COLISÃO LATERAL;0;2;0;0;0;0;0;0;0;2;0;Longo da via;Bom;Não existe;Perfeito estado;Seca;Perfeito estado;Não existe;Não há placas;30 km/h;Dupla;Faixa seccionada;;
2021-09-03;14:18:00;COM VITIMA;FINALIZADA;MADALENA;AV BEIRA RIO;1059;;EM FRENTE AO EDIFICIO IARUGA;MADALENA;;CIDADE;COLISÃO LATERAL;1;1;0;0;0;0;0;0;0;1;0;Longo da via;Bom;Sem defeito;Perfeito estado;Seca;Perfeito estado;Não existe;;;Dupla;Faixa contínua;;
2021-09-03;15:02:00;COM VITIMA;FINALIZADA;IPUTINGA;AV MAURICIO DE NASSAU;434;RUA ENGENHEIRO MOACYR PARAHYBA;AUTO FILME;IPUTINGA;;;COLISÃO LATERAL;1;1;0;0;0;0;0;0;0;1;0;Longo da via;Bom;;Perfeito estado;Seca;Perfeito estado;Não existe;Não há placas;;Dupla;Faixa contínua;;
2021-09-03;16:08:00;COM VITIMA;FINALIZADA;MADALENA;RUA REAL DA TORRE;159;RUA QUINZE DE NOVEMBRO;NA ENTRADA DO TÚNEL DA ABOLIÇÃO;MADALENA;;SUBURBIO;CHOQUE;1;0;0;0;0;0;0;0;0;1;0;Longo da via;Bom;Sem defeito;Perfeito estado;Seca;Perfeito estado;Faixa de pedestre;Não há placas;60 km/h;Única;Faixa seccionada;;
2021-09-03;19:21:00;COM VITIMA;FINALIZADA;PINA;PTE GOVERNADOR PAULO GUERRA;;;PROX A ENTRADA DO RIO MAR;PINA;;SUBURBIO;COLISÃO FRONTAL;1;1;0;0;0;0;0;0;0;1;0;Viaduto;Bom;Não existe;Perfeito estado;Seca;Perfeito estado;Não existe;Outras;;Única;Faixa seccionada;;
2021-09-04;13:40:00;COM VITIMA;FINALIZADA;IMBIRIBEIRA;AV MARECHAL MASCARENHAS DE MORAES;3963;;ENFRENTE A TUPAN;IMBIRIBEIRA;;CIDADE;COLISÃO LATERAL;1;1;0;0;0;0;0;0;0;1;0;Longo da via;Bom;Sem defeito;Perfeito estado;Seca;Perfeito estado;Não existe;Outras;60 km/h;Única;Faixa contínua;;
2021-09-04;17:26:00;COM VITIMA;FINALIZADA;CASA AMARELA;RUA VISCONDE DE TAUNAY;91;RUA XAVANTES;POR TRAS DO SUPERMERCADO CANELA DE CASA AMARELA;CASA AMARELA;;;COLISÃO LATERAL;1;1;0;0;0;0;0;0;0;1;0;Longo da via;Bom;Não existe;Perfeito estado;Seca;Perfeito estado;Faixa de retenção;"Placas ""Pare""";;Dupla;Não existe;;
2021-09-05;09:33:00;COM VITIMA;FINALIZADA;IBURA;RUA VALE DO ITAJAI;137;RUA DR OTAVIO DE MORAES VASCONCELOS;EM FRENTE AO NÚMERO 137;IBURA;;DUPLO;COLISÃO LATERAL;1;1;0;0;0;0;0;0;0;1;0;Cruzamento;Chuvoso;Não existe;Não existente;Molhada;Perfeito estado;Não existe;Não há placas;40 km/h;Dupla;Não existe;;
2021-09-05;10:24:00;COM VITIMA;FINALIZADA;JARDIM SÃO PAULO;RUA LEANDRO BARRETO;1025;RUA LORENA;PROXIMO A ACADEMIA WM MOV;JARDIM SÃO PAULO;;CIDADE;COLISÃO TRANSVERSAL;1;1;0;0;0;0;0;0;0;1;0;Longo da via;Chuvoso;Não existe;Não existente;Molhada;Mal conservada;Não existe;Não há placas;;Dupla;Não existe;;
2021-09-05;11:49:00;COM VITIMA;FINALIZADA;JARDIM SÃO PAULO;RUA LEANDRO BARRETO;1392;;EM FRENTE AO MERCADINHO SUPER BOM;JARDIM SÃO PAULO;507;CIDADE;ATROPELAMENTO DE PESSOA;0;0;0;0;1;1;0;0;0;1;0;Longo da via;Bom;Sem defeito;Incompleta;Seca;;Faixa de pedestre;Não há placas;;Dupla;Não existe;;
2021-09-05;14:11:00;COM VITIMA;FINALIZADA;PORTO DA MADEIRA;RUA RIO BEBERIBE;;RUA DALVA DE OLIVEIRA;PROXIMO AO SEST SANAT;PORTO DA MADEIRA;;SUBURBIO;COLISÃO FRONTAL;1;1;0;0;0;0;0;0;0;1;0;Cruzamento;Bom;Não existe;Não existente;Seca;Perfeito estado;Não existe;"Placas ""Pare""";;Dupla;Outros;;
2021-09-05;16:50:00;COM VITIMA;FINALIZADA;VÁRZEA;AV CAXANGA;5552;;EM FRENTE A IGREJA BATISTA MISSIONARIA/ SENTIDO CAMARAGIBE;VÁRZEA;;SUBURBIO;COLISÃO LATERAL;1;1;0;0;0;0;0;0;0;1;0;Longo da via;Bom;Sem defeito;Perfeito estado;Seca;Perfeito estado;Não existe;Não há placas;60 km/h;Única;Não existe;;
2021-09-05;23:10:40;COM VITIMA;CANCELADA;IPUTINGA;AV MAURICIO DE NASSAU;165;;ENTRE O PARQUE DO CAIARA  E LOMBADA ELETRONICA;IPUTINGA;;;COLISÃO TRASEIRA;1;1;0;0;0;0;0;0;0;1;0;;;;;;;;;;;;;
2021-09-06;06:54:00;COM VITIMA;FINALIZADA;MONTEIRO;RUA DE APIPUCOS;685;;RESERVA APIPUCOS;MONTEIRO;;SUBURBIO;COLISÃO TRANSVERSAL;2;1;0;0;0;0;0;0;0;1;0;Longo da via;Bom;Não existe;Perfeito estado;Seca;Perfeito estado;Não existe;Não há placas;60 km/h;Dupla;Faixa contínua;;
2021-09-06;08:24:00;COM VITIMA;FINALIZADA;ÁGUA FRIA;AV BEBERIBE;1678;;MERCADO DO ÓLEO;ÁGUA FRIA;;DUPLO;COLISÃO TRANSVERSAL;1;1;0;0;0;0;0;0;0;1;0;Longo da via;Bom;Não existe;Perfeito estado;Seca;Perfeito estado;Outros;Não há placas;;Dupla;Faixa contínua;Faixa seccionada;
2021-09-06;10:42:00;COM VITIMA;FINALIZADA;PRADO;AV ENGENHEIRO ABDIAS DE CARVALHO;1771;;EM FRENTE A ESTÁCIO;PRADO;327;CIDADE;COLISÃO TRASEIRA;3;0;0;0;0;0;0;0;0;1;0;Longo da via;Bom;Sem defeito;Incompleta;Seca;Perfeito estado;Faixa de pedestre;Outras;60 km/h;Dupla;Canteiro central;;
2021-09-06;11:43:00;SEM ViTIMA;CANCELADA;BOA VIAGEM;RUA PADRE BERNADINO PESSOA;;;AO LADO DO RESTAURANTE ILHA DOS NAVEGANTES;BOA VIAGEM;;;COLISÃO LATERAL;2;0;0;0;0;0;0;0;0;0;0;;;;;;;;;;;;;
2021-09-06;16:20:00;COM VITIMA;FINALIZADA;DERBY;AV GOVERNADOR AGAMENON MAGALHAES;;RUA JOAQUIM NABUCO;EM FRENTE AO HOSPITAL DA RESTAURAÇÃO;DERBY;;CIDADE;ATROPELAMENTO DE PESSOA;1;0;0;0;1;0;0;0;0;1;0;Longo da via;Bom;Sem defeito;Perfeito estado;Seca;Perfeito estado;Faixa de pedestre;Outras;60 km/h;Dupla;Canal;;
2021-09-06;18:45:00;COM VITIMA;CANCELADA;BOA VIAGEM;AV ARMINDO MOURA;525;;E/F A PIZZARIA KAMILA;BOA VIAGEM;;;COLISÃO FRONTAL;1;1;0;0;0;0;0;0;0;1;0;;;;;;;;;;;;;
2021-09-06;19:28:00;COM VITIMA;FINALIZADA;ÁGUA FRIA;AV BEBERIBE;2185;;E/F A SELECTA ALIMENTOS;ÁGUA FRIA;187;SUBURBIO;COLISÃO COM CICLISTA;0;0;0;1;0;1;0;0;0;1;0;Cruzamento;Bom;Sem defeito;Perfeito estado;Seca;Perfeito estado;Faixa de pedestre;R-6a;;Dupla;Faixa contínua;;
2021-09-07;13:37:00;COM VITIMA;FINALIZADA;SÃO JOSÉ;AV MARTINS DE BARROS;;C SANTA RITA;EM FRENTE AO TERMINAL INTEGRADO CAIS DE SANTA RITA;SÃO JOSÉ;383;CIDADE;COLISÃO COM CICLISTA;1;0;0;1;0;0;0;0;0;1;0;Longo da via;Bom;Sem defeito;Perfeito estado;Seca;Perfeito estado;Faixa de pedestre;Não há placas;;Dupla;Canteiro central;;
2021-09-07;17:26:00;COM VITIMA;FINALIZADA;VÁRZEA;AV PROFESSOR ARTUR DE SA;1310;;E/F AO BAR DA KELLY;VÁRZEA;;;COLISÃO LATERAL;1;1;0;0;0;0;0;0;0;1;0;Longo da via;Bom;Não existe;Não existente;Seca;Perfeito estado;Não existe;Não há placas;;Dupla;Faixa;;
2021-09-07;17:59:00;COM VITIMA;FINALIZADA;BOA VIAGEM;AV BOA VIAGEM;;;EM FRENTE A PRACINHA DE BOA VIAGEM;BOA VIAGEM;;CIDADE;COLISÃO LATERAL;1;1;0;0;0;0;0;0;0;1;0;Longo da via;Bom;Não existe;Perfeito estado;Seca;Perfeito estado;;;;;;;
2021-09-07;18:18:00;COM VITIMA;FINALIZADA;AREIAS;AV RECIFE;16;;LADO OPOSTO AO ATACADÃO;AREIAS;;SUBURBIO;ATROPELAMENTO DE PESSOA;1;0;0;0;1;0;0;0;0;1;0;Longo da via;Bom;Sem defeito;Perfeito estado;Seca;Perfeito estado;Não existe;Não há placas;60 km/h;Dupla;Faixa contínua;Faixa seccionada;Canteiro central
2021-09-07;22:29:40;COM VITIMA;FINALIZADA;BOA VIAGEM;AV ENGENHEIRO DOMINGOS FERREIRA;1932;RUA PROFESSOR RUI BATISTA;E/F AO BANCO DO BRADESCO;BOA VIAGEM;;SUBURBIO;COLISÃO TRASEIRA;1;0;0;0;0;1;0;0;0;1;0;Longo da via;Bom;Sem defeito;Perfeito estado;Seca;Perfeito estado;Outros;Outras;;Única;Faixa seccionada;;
2021-09-08;08:58:00;COM VITIMA;FINALIZADA;DOIS UNIDOS;AV HILDEBRANDO DE VASCONCELOS;1614;RUA JOAO CAVALCANTI PETRIBU;EM FRENTE AO MERCADINHO DO GALEGO;DOIS UNIDOS;;SUBURBIO;COLISÃO FRONTAL;0;1;0;0;0;1;0;0;0;1;0;Cruzamento;Bom;Não existe;Incompleta;Molhada;Perfeito estado;Não existe;Outras;;Dupla;Não existe;;
2021-09-08;14:28:00;COM VITIMA;FINALIZADA;BOA VIAGEM;AV CONSELHEIRO AGUIAR;3150;RUA MAMANGUAPE;AO LADO DA FARMACIA DROGASIL;BOA VIAGEM;;CIDADE;COLISÃO LATERAL;1;1;0;0;0;0;0;0;0;1;0;Cruzamento;Bom;Não existe;Perfeito estado;Seca;Perfeito estado;;"Placas ""Pare""";;Única;Faixa seccionada;;
2021-09-08;17:53:00;COM VITIMA;FINALIZADA;BOA VIAGEM;AVENIDA CELSO FURTADO (VIA MANGUE);;;APÓS O SHOPPING RECIFE;BOA VIAGEM;;CIDADE;COLISÃO TRASEIRA;1;1;0;0;0;0;0;0;0;1;0;Longo da via;Bom;Não existe;Perfeito estado;Seca;Perfeito estado;Não existe;Não há placas;;Única;Faixa seccionada;Canteiro central;
2021-09-09;08:19:00;COM VITIMA;FINALIZADA;MADALENA;RUA REAL DA TORRE;1448;;EM FRENTE AO EDIFICIO MONT. GEMEVRE;MADALENA;;;COLISÃO LATERAL;1;1;0;0;0;0;0;0;0;1;0;Longo da via;Bom;Não existe;Perfeito estado;Seca;Perfeito estado;Não existe;R-6a;;Única;Não existe;;
2021-09-09;09:00:00;COM VITIMA;FINALIZADA;AREIAS;AV RECIFE;157;;EM FRENTE AO ATACADAO, LUNA RATTAN MÓVEIS;AREIAS;;CIDADE;COLISÃO TRASEIRA;4;0;0;0;0;0;0;0;0;1;0;Longo da via;Bom;Sem defeito;;Seca;Perfeito estado;Faixa de pedestre;Não há placas;;Dupla;Canteiro central;;
2021-09-09;09:41:00;COM VITIMA;FINALIZADA;SANTANA;RUA JORGE GOMES DE SA;;;PARQUE SANTANA;SANTANA;;SUBURBIO;COLISÃO TRANSVERSAL;1;1;0;0;0;0;0;0;0;1;0;Longo da via;Bom;Não existe;Incompleta;Seca;Perfeito estado;Não existe;Outras;;Dupla;;;
2021-09-09;10:20:00;COM VITIMA;FINALIZADA;BOA VIAGEM;RUA DEZ DE JULHO;210;RUA CAMBOIM;E/F A MAISON CRISTAL;BOA VIAGEM;;LOCAL;COLISÃO LATERAL;1;1;0;0;0;0;0;0;0;1;0;Cruzamento;Bom;Não existe;Perfeito estado;Seca;Perfeito estado;Faixa de pedestre;"Placas ""Pare""";;Dupla;Faixa contínua;;
2021-09-09;11:10:00;SEM ViTIMA;FINALIZADA;AFOGADOS;RUA MOTOCOLOMBO;203;;EM FRENTE A IGREJA PRESBITERIANA DO LARGO DA PAZ;AFOGADOS;;SUBURBIO;COLISÃO TRASEIRA;2;0;0;0;0;0;0;0;0;0;0;Longo da via;Bom;Não existe;Perfeito estado;Seca;Perfeito estado;Não existe;Não há placas;;Única;Faixa seccionada;;
2021-09-09;11:17:00;COM VITIMA;FINALIZADA;PRADO;AV ENGENHEIRO ABDIAS DE CARVALHO;1771;;EM FRENTE A FACULDADE ESTACIO /;PRADO;327;CIDADE;COLISÃO TRASEIRA;1;1;0;0;0;0;0;0;0;1;0;Longo da via;Bom;Sem defeito;Perfeito estado;Seca;;Faixa de pedestre;;;Dupla;Canteiro central;;
2021-09-09;11:42:00;COM VITIMA;FINALIZADA;ILHA DO LEITE;PTE JOSE DE BARROS LIMA;;;APÓS O HOSPITAL PORTUGUÊS;ILHA DO LEITE;;SUBURBIO;COLISÃO TRASEIRA;1;1;0;0;0;0;0;0;0;1;0;Longo da via;Bom;Não existe;Incompleta;Seca;Mal conservada;Não existe;Não há placas;60 km/h;Dupla;Canteiro central;;
2021-09-09;12:26:00;COM VITIMA;FINALIZADA;MADALENA;RUA DR JOAO COIMBRA;551;RUA REAL DA TORRE;POR TRAS DO MERCADO DA MADALENA;MADALENA;;SUBURBIO;ATROPELAMENTO DE PESSOA;1;0;0;0;1;0;0;0;0;1;0;Longo da via;Bom;Não existe;Perfeito estado;Seca;Perfeito estado;Não existe;Não há placas;;Única;Não existe;;
2021-09-09;13:05:00;SEM ViTIMA;FINALIZADA;BOA VIAGEM;AV BOA VIAGEM;4070;RUA ERNESTO DE PAULA SANTOS;SECURITY LEADERS ORGANIZAÇÃO DE EVENTOS / GRAND MERCURE BOA VIAGEM.;BOA VIAGEM;113;;COLISÃO TRASEIRA;2;0;0;0;0;0;0;0;0;0;0;;;;;;;;;;;;;
2021-09-09;15:30:00;COM VITIMA;FINALIZADA;AFOGADOS;RUA VINTE E UM DE ABRIL;734;;PROXIMO AO CLUBE FERREVIARIO;AFOGADOS;611;SUBURBIO;COLISÃO TRASEIRA;2;0;0;0;0;0;0;0;0;1;0;Longo da via;Bom;Sem defeito;Perfeito estado;Seca;Perfeito estado;Outros;Não há placas;;Dupla;Não existe;;
2021-09-09;17:28:00;COM VITIMA;FINALIZADA;VÁRZEA;AV CAXANGA;5478;;LADO OPOSTO AO POSTO IPIRANGA;VÁRZEA;;SUBURBIO;ATROPELAMENTO DE PESSOA;0;0;1;0;1;0;0;0;0;2;0;Longo da via;Bom;Sem defeito;Perfeito estado;Seca;Perfeito estado;Não existe;Não há placas;60 km/h;Dupla;Canteiro central;;
2021-09-09;20:37:40;COM VITIMA;FINALIZADA;BOA VIAGEM;AV DOM JOAO VI;;;PRÓX AO BOMPREÇO;BOA VIAGEM;;SUBURBIO;ATROPELAMENTO DE PESSOA;0;0;0;0;1;0;0;0;0;1;0;Longo da via;Bom;Não existe;Perfeito estado;Seca;Perfeito estado;Não existe;Não há placas;60 km/h;Única;Faixa seccionada;;
2021-09-10;06:10:00;COM VITIMA;FINALIZADA;PINA;AV ANTONIO DE GOES;;PTE GOVERNADOR PAULO GUERRA;E/F AO DENIT - INICIO DA PONTE DO PINA - SENTIDO DERBY;PINA;;CIDADE;CHOQUE;1;0;0;0;0;0;0;0;0;1;0;Ponte;Bom;Não existe;Perfeito estado;Seca;Perfeito estado;Não existe;Não há placas;60 km/h;Única;Faixa seccionada;;
2021-09-10;09:00:00;COM VITIMA;FINALIZADA;CASA AMARELA;AV NORTE MIGUEL ARRAES DE ALENCAR;9515;;ENTRADA DO VASCO DA GAMA;CASA AMARELA;;SUBURBIO;COLISÃO TRASEIRA;0;2;0;0;0;0;0;0;0;2;0;Longo da via;Bom;Sem defeito;Perfeito estado;Seca;Perfeito estado;Não existe;Não há placas;60 km/h;Única;Faixa contínua;;
2021-09-10;09:53:00;COM VITIMA;FINALIZADA;MADALENA;RUA MONSENHOR JULIO MARIA;94;;GRUPO DWL;MADALENA;;SUBURBIO;COLISÃO COM CICLISTA;1;0;0;1;0;0;0;0;0;1;0;Cruzamento;Bom;Não existe;Incompleta;Seca;Perfeito estado;Não existe;Não há placas;;Única;;;
2021-09-10;13:29:00;COM VITIMA;FINALIZADA;SANTO AMARO;AV CRUZ CABUGA;;;APÓS HOSPITAL SANTA CASA DA MISERICÓRDIA DO RECIFE;SANTO AMARO;344;CIDADE;COLISÃO FRONTAL;2;1;0;0;0;0;0;0;0;1;0;Longo da via;Bom;Sem defeito;Perfeito estado;Seca;Perfeito estado;Não existe;Não há placas;60 km/h;Dupla;Faixa contínua;;
2021-09-10;17:18:00;COM VITIMA;FINALIZADA;AREIAS;AV DR JOSE RUFINO;765;;EM FRENTE A COMUNIDADE BATISTA DA CIDADE/ PROXIMO A HONDA, LADO OPOSTO À ARENA SOCIETY;AREIAS;;SUBURBIO;COLISÃO LATERAL;1;1;0;0;0;0;0;0;0;2;0;Esquina;Bom;Não existe;Não existente;Molhada;Mal conservada;Não existe;Não há placas;;Dupla;Não existe;;
2021-09-10;18:59:00;COM VITIMA;FINALIZADA;BOA VIAGEM;AV BOA VIAGEM;;;SEMÁFORO 124;BOA VIAGEM;124;CIDADE;COLISÃO FRONTAL;1;1;0;0;0;0;0;0;0;1;0;Longo da via;Bom;Sem defeito;Perfeito estado;Seca;Perfeito estado;Faixa de pedestre;Não há placas;60 km/h;Única;Faixa seccionada;;
2021-09-11;04:52:00;COM VITIMA;CANCELADA;MANGABEIRA;AV NORTE MIGUEL ARRAES DE ALENCAR;;COR DO BARTOLOMEU;;MANGABEIRA;;;QUEDA;1;0;0;0;0;0;0;0;0;1;0;;;;;;;;;;;;;
2021-09-11;10:09:00;COM VITIMA;FINALIZADA;BOA VISTA;AV MANOEL BORBA;699;;VITA FRUTAS;BOA VISTA;;SUBURBIO;COLISÃO TRASEIRA;1;1;0;0;0;0;0;0;0;1;0;Longo da via;Bom;Não existe;Perfeito estado;Seca;Perfeito estado;;;40 km/h;Única;Faixa seccionada;;
2021-09-11;10:23:00;COM VITIMA;FINALIZADA;AFOGADOS;RUA JOAO IVO DA SILVA;460;RUA PADRE TEOFILO TWORZ;EM FRENTE A TUPAN E A FIORI;AFOGADOS;;SUBURBIO;COLISÃO TRASEIRA;1;1;0;0;0;0;0;0;0;1;0;Longo da via;Bom;Sem defeito;Perfeito estado;Seca;Perfeito estado;Faixa de pedestre;Não há placas;;Única;Canal;;
2021-09-11;14:58:00;COM VITIMA;FINALIZADA;DOIS IRMÃOS;RUA RIBEIRO PESSOA;771;RUA DR ANTONIO H DE CASTRO NETO;A FABRICA PINTO FORMOSO;DOIS IRMÃOS;;;COLISÃO TRASEIRA;0;2;0;0;0;0;0;0;0;1;0;Longo da via;Bom;Não existe;Não existente;Seca;Perfeito estado;Não existe;Não há placas;;Dupla;Não existe;;
2021-09-11;22:13:40;COM VITIMA;FINALIZADA;ENCRUZILHADA;AV JOAO DE BARROS;;AV NORTE MIGUEL ARRAES DE ALENCAR;SEMÁFORO 43;ENCRUZILHADA;43;CIDADE;CHOQUE;1;0;0;0;0;0;0;0;0;1;0;Longo da via;Bom;Sem defeito;Perfeito estado;Seca;Perfeito estado;Faixa de retenção;Não há placas;;Única;Canteiro central;;
2021-09-12;09:04:00;COM VITIMA;FINALIZADA;TORRÕES;RUA ZUMBI DOS PALMARES;770;;EM FRENTE AO N° 770;TORRÕES;;SUBURBIO;COLISÃO FRONTAL;3;0;0;0;0;0;0;0;0;1;0;Longo da via;Bom;Não existe;Incompleta;Seca;;Não existe;R-6a;30 km/h;Dupla;Não existe;;
2021-09-12;09:06:00;COM VITIMA;FINALIZADA;BAIRRO DO RECIFE;AV MILITAR;;;LADO OPOSTO AO POSTO BR;BAIRRO DO RECIFE;;;TOMBAMENTO;0;1;0;0;0;0;0;0;0;1;0;Longo da via;Bom;Não existe;Perfeito estado;Seca;Perfeito estado;Não existe;R-6a;;Única;Canteiro central;;
2021-09-12;12:27:00;COM VITIMA;FINALIZADA;TAMARINEIRA;AV NORTE MIGUEL ARRAES DE ALENCAR;4785;RUA BEZERROS;EM FRENTE AO ARMAZÉM CORAL;TAMARINEIRA;;CIDADE;COLISÃO TRANSVERSAL;1;1;0;0;0;0;0;0;0;1;0;Esquina;Bom;Não existe;Perfeito estado;Seca;Perfeito estado;Outros;R-6a;;Dupla;Canteiro central;;
2021-09-12;20:52:00;COM VITIMA;FINALIZADA;BOA VIAGEM;AV CONSELHEIRO AGUIAR;1739;RUA SOLIDONIO LEITE;PRÓX AO POSTO BR / E/F AO RESTAURANTE NIKKO;BOA VIAGEM;;CIDADE;COLISÃO TRANSVERSAL;1;1;0;0;0;0;0;0;0;2;0;Longo da via;Bom;Não existe;Perfeito estado;Seca;Perfeito estado;Não existe;R-6a;;Única;Faixa seccionada;;