data;hora;natureza_acidente;situacao;bairro;endereco;numero;detalhe_endereco_acidente;complemento;bairro_cruzamento;num_semaforo;sentido_via;tipo;auto;moto;ciclom;ciclista;pedestre;onibus;caminhao;viatura;outros;vitimas;vitimasfatais;acidente_verificado;tempo_clima;situacao_semaforo;sinalizacao;condicao_via;conservacao_via;ponto_controle;situacao_placa;velocidade_max_via;mao_direcao;divisao_via1;divisao_via2;divisao_via3
2021-10-03;08:32:00;SEM ViTIMA;FINALIZADA;SANTO ANTÔNIO;PRC DA REPUBLICA;;;EM FRENTE AO FORUM DA JUSTIÇA;SANTO ANTÔNIO;;CIDADE;CHOQUE;1;0;0;0;0;0;0;0;0;0;0;Longo da via;Bom;Sem defeito;Perfeito estado;Seca;Perfeito estado;;Outras;;;Faixa contínua;Outros;
2021-10-03;15:41:00;COM VITIMA;FINALIZADA;NOVA DESCOBERTA;AV VEREADOR OTACILIO AZEVEDO;2745;;PROXIMO A SEMENTEIRA;NOVA DESCOBERTA;;SUBURBIO;ATROPELAMENTO DE PESSOA;1;0;0;0;1;0;0;0;0;1;0;Longo da via;Bom;Não existe;Não existente;Seca;Perfeito estado;Não existe;Outras;30 km/h;Dupla;Não existe;;
2021-10-03;16:21:00;COM VITIMA;CANCELADA;ÁGUA FRIA;AV BEBERIBE;;RUA DA REGENERACAO;NO SEMAFORO 187;ÁGUA FRIA;;;COLISÃO FRONTAL;1;1;0;0;0;0;0;0;0;1;0;;;;;;;;;;;;;
2021-10-03;20:14:00;COM VITIMA;FINALIZADA;IMBIRIBEIRA;AV GENERAL MAC ARTHUR;479;RUA JORGE DE LIMA;SEMÁFORO 402 / PRÓX AO GALETO DO MATUTO;IMBIRIBEIRA;402;;COLISÃO TRASEIRA;1;1;0;0;0;0;0;0;0;2;0;Cruzamento;Bom;Sem defeito;Perfeito estado;Seca;Perfeito estado;Não existe;Outras;;Única;Faixa seccionada;;
2021-10-03;20:35:40;COM VITIMA;FINALIZADA;TAMARINEIRA;AV NORTE MIGUEL ARRAES DE ALENCAR;;RUA CONEGO BARATA;RUA CONEGO BARATA;TAMARINEIRA;62;SUBURBIO;COLISÃO FRONTAL;2;0;0;0;0;0;0;0;0;1;0;Cruzamento;Bom;Sem defeito;Perfeito estado;Seca;Perfeito estado;Faixa de pedestre;Não há placas;;Dupla;Faixa seccionada;Faixa seccionada;
2021-10-04;00:19:00;COM VITIMA;FINALIZADA;IBURA;AV DOIS RIOS;;RUA RIO XINGU;CRUZAMENTO C/A RUA RIO XINGU;IBURA;351;SUBURBIO;COLISÃO TRANSVERSAL;1;1;0;0;0;0;0;0;0;1;0;Longo da via;Bom;Sem defeito;Perfeito estado;Seca;Perfeito estado;Faixa de pedestre;"Placas ""Pare""";;Dupla;Faixa contínua;;
2021-10-04;08:12:00;COM VITIMA;FINALIZADA;VÁRZEA;AV BARAO DE BONITO;616;;EM FRENTE A MULTYLOG;VÁRZEA;;CIDADE;COLISÃO TRANSVERSAL;1;1;0;0;0;0;0;0;0;2;0;Longo da via;Bom;Não existe;Ilegível;Seca;Perfeito estado;Não existe;R-6a;30 km/h;Dupla;Não existe;;
2021-10-04;08:48:00;SEM ViTIMA;FINALIZADA;SANTO AMARO;AV GOVERNADOR AGAMENON MAGALHAES;;;SEMÁFORO 378;SANTO AMARO;378;SUBURBIO;CHOQUE;1;0;0;0;0;0;0;0;0;0;0;Longo da via;Bom;Sem defeito;Perfeito estado;Seca;Perfeito estado;Não existe;Não há placas;60 km/h;;Faixa contínua;;
2021-10-04;09:16:00;COM VITIMA;FINALIZADA;PARNAMIRIM;AV FLOR DE SANTANA;357;;E/F AO EMPRESARIAL FLOR DE SANTANA;PARNAMIRIM;;CIDADE;COLISÃO TRANSVERSAL;1;1;0;0;0;0;0;0;0;1;0;Longo da via;Bom;Não existe;Ilegível;Seca;Perfeito estado;Outros;R-6a;;Dupla;Não existe;;
2021-10-04;10:14:00;COM VITIMA;FINALIZADA;BOA VIAGEM;RUA COSMORAMA;894;RUA JOSE HIPOLITO CARDOSO;CLUBE SARGENTO DA AERONÁUTICA;BOA VIAGEM;;SUBURBIO;COLISÃO FRONTAL;1;1;0;0;0;0;0;0;0;1;0;Longo da via;Bom;Não existe;Perfeito estado;Seca;Perfeito estado;Não existe;Não há placas;40 km/h;Dupla;Faixa seccionada;;
2021-10-04;10:25:00;COM VITIMA;FINALIZADA;BOA VISTA;AV CONDE DA BOA VISTA;357;;PROX. A CREFISA;BOA VISTA;;CIDADE;QUEDA;0;1;0;0;0;0;0;0;0;1;0;Longo da via;Bom;Sem defeito;Perfeito estado;Seca;Perfeito estado;Faixa de pedestre;Não há placas;;Dupla;Canteiro central;;
2021-10-04;10:48:00;COM VITIMA;FINALIZADA;IPUTINGA;AV MAURICIO DE NASSAU;2075;;EM FRENTE AO ALTINO VENTURA;IPUTINGA;;SUBURBIO;COLISÃO TRANSVERSAL;1;1;0;0;0;0;0;0;0;1;0;Longo da via;Bom;Sem defeito;Perfeito estado;Seca;Perfeito estado;Não existe;R-6a;;Dupla;Faixa contínua;;
2021-10-04;12:25:00;SEM ViTIMA;FINALIZADA;CORDEIRO;AV CAXANGA;1814;;EM FRENTE AO SUPERMERCADO SOBERANO;CORDEIRO;;CIDADE;COLISÃO TRASEIRA;1;0;0;0;0;1;0;0;0;0;0;Longo da via;Bom;Sem defeito;Perfeito estado;Seca;Perfeito estado;Outros;Outras;;Dupla;Canteiro central;;
2021-10-04;15:26:00;COM VITIMA;FINALIZADA;CORDEIRO;RUA DR MIGUEL VIEIRA FERREIRA;697;RUA CLAUDIO BROTHERHOOD;PRÓX AO DEPÓSITO BETO BEBIDAS;CORDEIRO;;CIDADE;COLISÃO TRANSVERSAL;0;2;0;0;0;0;0;0;0;1;0;Cruzamento;Bom;Não existe;Incompleta;Seca;Perfeito estado;Não existe;;;Dupla;;;
2021-10-04;16:02:00;SEM ViTIMA;FINALIZADA;GRAÇAS;AV RUI BARBOSA;;RUA MUNIZ TAVARES;;GRAÇAS;460;;CHOQUE;1;0;0;0;0;0;0;0;0;0;0;;;;;;;;;;;;;
2021-10-04;17:32:00;COM VITIMA;FINALIZADA;SANTO AMARO;AV NORTE MIGUEL ARRAES DE ALENCAR;;RUA DA AURORA;;SANTO AMARO;243;SUBURBIO;COLISÃO TRANSVERSAL;1;1;0;0;0;0;0;0;0;1;0;Cruzamento;Bom;Sem defeito;Perfeito estado;Seca;Perfeito estado;Faixa de pedestre;Não há placas;;Dupla;Faixa contínua;;
2021-10-04;18:17:00;COM VITIMA;FINALIZADA;NOVA DESCOBERTA;RUA ALTO JARDIM PROGRESSO;20;;PROX A LOTERICA;NOVA DESCOBERTA;;SUBURBIO;ATROPELAMENTO DE PESSOA;1;0;0;0;1;0;0;0;0;1;0;Longo da via;Bom;Não existe;Não existente;Seca;Perfeito estado;Não existe;Não há placas;;Dupla;Não existe;;
2021-10-05;06:35:00;COM VITIMA;FINALIZADA;SANTO ANTÔNIO;RUA DO SOL;;;EM FRENTE AO TEATRO SANTA ISABEL;SANTO ANTÔNIO;;CIDADE;QUEDA;0;1;0;0;0;0;0;0;0;1;0;Outros;Bom;Não existe;Não existente;Oleosa;Perfeito estado;Não existe;Não há placas;30 km/h;Única;Faixa seccionada;;
2021-10-05;07:56:00;COM VITIMA;FINALIZADA;CASA AMARELA;EST DO ARRAIAL;4784;;100 METROS APÓS A APAE;CASA AMARELA;;SUBURBIO;COLISÃO FRONTAL;1;1;0;0;0;0;0;0;0;1;0;Longo da via;Bom;Não existe;Perfeito estado;Seca;Perfeito estado;Não existe;R-4b;;Única;Faixa seccionada;;
2021-10-05;09:36:00;COM VITIMA;FINALIZADA;GRAÇAS;RUA JOAQUIM NABUCO;636;RUA GUILHERME PINTO;EM FRENTE A VERDE FRUTE;GRAÇAS;;SUBURBIO;COLISÃO TRANSVERSAL;1;1;0;0;0;0;0;0;0;2;0;Longo da via;Bom;Não existe;Perfeito estado;Seca;Perfeito estado;Não existe;Outras;40 km/h;Única;Não existe;;
2021-10-05;10:19:00;COM VITIMA;FINALIZADA;TAMARINEIRA;RUA CONEGO BARATA;3751;AV NORTE MIGUEL ARRAES DE ALENCAR;PROX. A FERREIRA COSTA;TAMARINEIRA;62;CIDADE;COLISÃO FRONTAL;1;1;0;0;0;0;0;0;0;1;0;Cruzamento;Bom;Sem defeito;Perfeito estado;Seca;Perfeito estado;Faixa de pedestre;R-4a;;Dupla;Faixa contínua;;
2021-10-05;12:55:00;COM VITIMA;FINALIZADA;AREIAS;AV CAPITAO GREGORIO DE CALDAS;88;RUA CAPITAO FELIPE FERREIRA;AO LADO DO N° 88;AREIAS;;;COLISÃO FRONTAL;1;1;0;0;0;0;0;0;0;1;0;Longo da via;Bom;Não existe;Incompleta;Seca;Perfeito estado;Não existe;Não há placas;;Dupla;Canteiro central;;
2021-10-05;17:26:00;COM VITIMA;FINALIZADA;CASA AMARELA;AV NORTE MIGUEL ARRAES DE ALENCAR;5050;;EM FRENTE AO POSTO BR;CASA AMARELA;;SUBURBIO;ATROPELAMENTO DE PESSOA;0;1;0;0;1;0;0;0;0;1;0;Longo da via;Bom;Não existe;Perfeito estado;Seca;Perfeito estado;Não existe;R-6a;;Dupla;Faixa seccionada;;
2021-10-05;23:15:40;COM VITIMA;FINALIZADA;TAMARINEIRA;RUA CONEGO BARATA;;;LADO OPOSTO FERREIRA COSTA;TAMARINEIRA;347;SUBURBIO;ATROPELAMENTO DE PESSOA;0;0;0;0;1;0;0;0;0;1;0;Longo da via;Bom;Sem defeito;Perfeito estado;Seca;Perfeito estado;Faixa de pedestre;Outras;;Dupla;Canteiro central;;
2021-10-06;05:00:00;COM VITIMA;FINALIZADA;DERBY;AV GOVERNADOR AGAMENON MAGALHAES;422;RUA HENRIQUE DIAS;AMIL N° 422;DERBY;68;CIDADE;COLISÃO TRANSVERSAL;1;0;0;0;0;0;0;0;0;2;0;Cruzamento;Bom;Sem defeito;Perfeito estado;Seca;Perfeito estado;Faixa de pedestre;Outras;;Única;Faixa seccionada;;
2021-10-06;08:58:00;COM VITIMA;FINALIZADA;CORDEIRO;AV CAXANGA;1186;RUA SOUZA BANDEIRA;LADO OPOSTO DA DROGASIL;CORDEIRO;236;SUBURBIO;COLISÃO TRASEIRA;0;2;0;0;0;0;0;0;0;2;0;Longo da via;Bom;Sem defeito;Perfeito estado;Seca;Perfeito estado;Outros;Não há placas;;Única;Faixa contínua;;
2021-10-06;09:38:00;COM VITIMA;FINALIZADA;CAMPO GRANDE;RUA PRUDENTE DE MORAES;424;RUA MARQUES DE ABRANTES;POSTO REVENDA ULTRA GAZ;CAMPO GRANDE;;CIDADE;COLISÃO TRANSVERSAL;1;1;0;0;0;0;0;0;0;1;0;Cruzamento;Bom;Não existe;Perfeito estado;Seca;Perfeito estado;Faixa de pedestre;"Placas ""Pare""";;Dupla;Faixa seccionada;;
2021-10-06;09:53:00;COM VITIMA;FINALIZADA;AREIAS;AV DR JOSE RUFINO;1146;RUA ENGENHEIRO ARNALDO LIMA;EM FRENTE O SENAI;AREIAS;508;SUBURBIO;ATROPELAMENTO DE PESSOA;1;0;0;0;1;0;0;0;0;1;0;Longo da via;Bom;Sem defeito;Perfeito estado;Seca;Perfeito estado;Faixa de pedestre;R-6a;;Dupla;Faixa contínua;;
2021-10-06;10:45:00;COM VITIMA;FINALIZADA;IPSEP;AV RECIFE;;;ENTRADA DO IBURA;IPSEP;;;ATROPELAMENTO DE PESSOA;0;1;0;0;1;0;0;0;0;1;0;;;;;;;;;;;;;
2021-10-06;10:46:00;COM VITIMA;FINALIZADA;IPSEP;AV RECIFE;2447;;LADO OPOSTO;IPSEP;;SUBURBIO;ATROPELAMENTO DE PESSOA;0;0;0;0;0;0;0;0;0;1;0;Longo da via;Bom;Não existe;Incompleta;Seca;Mal conservada;Não existe;Não há placas;;Dupla;Canteiro central;;
2021-10-06;11:02:00;COM VITIMA;FINALIZADA;BOA VIAGEM;AV HERCULANO BANDEIRA;548;;EM FRENTE AO MARTELINHO DE OURO;BOA VIAGEM;;SUBURBIO;COLISÃO FRONTAL;1;1;0;0;0;0;0;0;0;1;0;Longo da via;Bom;Não existe;Perfeito estado;Seca;Perfeito estado;Não existe;Não há placas;60 km/h;Única;Faixa seccionada;;
2021-10-06;12:27:00;COM VITIMA;FINALIZADA;ILHA DO LEITE;PTE JOSE DE BARROS LIMA;S/N;AV GOVERNADOR AGAMENON MAGALHAES;ACIDENTE COM UMA VÍTIMA  ( CICLISTA ) RESULTANTE DE COLISÃO COM O ÔNIBUS BORBOREMA  Nº DE ORDEM 881.   EQUIPE CTTU APOIADA PELA EQUIPE ARGUS.  NO LOCAL.;ILHA DO LEITE;;SUBURBIO;COLISÃO COM CICLISTA;0;0;0;1;0;1;0;0;0;1;0;Viaduto;Bom;Não existe;Não existente;Seca;Perfeito estado;Não existe;Não há placas;60 km/h;Dupla;Canteiro central;;
2021-10-06;15:17:00;COM VITIMA;FINALIZADA;BOA VIAGEM;AV ENGENHEIRO DOMINGOS FERREIRA;4430;;EM FRENTE A DELEGACIA;BOA VIAGEM;;SUBURBIO;QUEDA;0;1;0;0;0;0;0;0;0;1;0;Longo da via;Bom;Não existe;Perfeito estado;Seca;Perfeito estado;Não existe;Não há placas;60 km/h;Única;Faixa seccionada;;
2021-10-06;15:20:00;SEM ViTIMA;FINALIZADA;CASA FORTE;AV DEZESSETE DE AGOSTO;1991;;EM FRENTE AO Nº 1791;CASA FORTE;;CIDADE;COLISÃO TRASEIRA;1;0;0;0;0;0;0;1;0;0;0;Longo da via;Chuvoso;Não existe;Perfeito estado;Molhada;Perfeito estado;Outros;Outras;;Dupla;Faixa contínua;;
2021-10-06;16:57:00;COM VITIMA;FINALIZADA;BOA VIAGEM;AV CONSELHEIRO AGUIAR;;RUA ARTUR MUNIZ;SEMÁFORO 5;BOA VIAGEM;5;CIDADE;COLISÃO FRONTAL;1;1;0;0;0;0;0;0;0;1;0;Cruzamento;Bom;Sem defeito;Perfeito estado;Seca;Perfeito estado;Faixa de pedestre;Não há placas;;Única;Faixa seccionada;;
2021-10-06;18:00:00;COM VITIMA;FINALIZADA;MACAXEIRA;AV NORTE MIGUEL ARRAES DE ALENCAR;;;NA ENTRADA DO TERMINAL DA MACAXEIRA;MACAXEIRA;;SUBURBIO;COLISÃO FRONTAL;0;1;0;0;0;1;0;0;0;1;0;Longo da via;Bom;Não existe;Não existente;Seca;Perfeito estado;Não existe;Não há placas;;Única;Não existe;;
2021-10-06;18:52:00;SEM ViTIMA;FINALIZADA;BOA VISTA;RUA DO HOSPICIO;120;;TEATRO DO PARQUE;BOA VISTA;;SUBURBIO;;0;0;0;0;0;1;0;1;0;0;0;Longo da via;Bom;Não existe;Não existente;Seca;Perfeito estado;Não existe;Não há placas;;Única;Faixa seccionada;;
2021-10-06;21:44:40;COM VITIMA;FINALIZADA;PINA;AV ANTONIO DE GOES;;;SEMÁFORO 103;PINA;103;CIDADE;COLISÃO TRANSVERSAL;1;1;0;0;0;0;0;0;0;1;0;Cruzamento;Bom;Sem defeito;Perfeito estado;Seca;Perfeito estado;Faixa de pedestre;;;Dupla;Faixa contínua;Faixa seccionada;Canteiro central
2021-10-07;07:24:00;COM VITIMA;FINALIZADA;CAMPO GRANDE;RUA MARQUES DE ABRANTES;127;RUA BARAO DE VERA CRUZ;PROX. A RESTAURANTE VENTURA;CAMPO GRANDE;;;COLISÃO LATERAL;2;0;0;0;0;0;0;0;0;1;0;Cruzamento;Bom;Não existe;Não existente;Seca;Perfeito estado;Não existe;Não há placas;;Única;Não existe;;
2021-10-07;09:30:00;COM VITIMA;FINALIZADA;ÁGUA FRIA;RUA SAO SEBASTIAO;352;;EM FRENTE A IGREJA ADVENTISTA;ÁGUA FRIA;;BOMBA DO HEMITERIO;COLISÃO LATERAL;2;0;0;0;0;0;0;0;0;1;0;Longo da via;Bom;Não existe;Perfeito estado;Seca;Perfeito estado;Não existe;Outras;30 km/h;Dupla;Faixa seccionada;;
2021-10-07;11:15:00;COM VITIMA;FINALIZADA;BOA VIAGEM;RUA SA E SOUZA;480;RUA BALTAZAR PASSOS;POSTO N° BOO8019;BOA VIAGEM;;CIDADE;COLISÃO FRONTAL;2;0;0;0;0;0;0;0;0;1;0;Cruzamento;Bom;Não existe;Perfeito estado;Seca;Perfeito estado;Não existe;"Placas ""Pare""";;Dupla;Faixa seccionada;;
2021-10-07;12:44:00;SEM ViTIMA;FINALIZADA;SANTO AMARO;RUA NUMA POMPILHO;;;LADO Nº 439;SANTO AMARO;;SUBURBIO;COLISÃO TRASEIRA;0;1;0;0;0;0;0;1;0;0;0;Longo da via;Bom;Não existe;Perfeito estado;Seca;Perfeito estado;Não existe;Não há placas;60 km/h;Única;Não existe;;
2021-10-07;13:28:00;COM VITIMA;CANCELADA;SÃO JOSÉ;VDO DAS CINCO PONTAS;;;SUBIDA DO VIADUTO - SENTIDO BOA VIAGEM.;SÃO JOSÉ;;;COLISÃO LATERAL;1;1;0;0;0;0;0;0;0;1;0;;;;;;;;;;;;;
2021-10-07;17:25:00;COM VITIMA;CANCELADA;NOVA DESCOBERTA;RUA ALTO JARDIM PROGRESSO;338;;PROXIMO A QUADRA DO ALTO JARDIM PROGRESSO;NOVA DESCOBERTA;;;COLISÃO FRONTAL;0;1;0;0;0;1;0;0;0;1;0;;;;;;;;;;;;;
2021-10-07;17:41:00;COM VITIMA;FINALIZADA;MADALENA;RUA DEMOCRITO DE SOUZA FILHO;452;RUA PROFESSOR JOSE TORRES PIRES;EM FRENTE A GARDEU;MADALENA;;;COLISÃO TRANSVERSAL;1;1;0;0;0;0;0;0;0;1;0;Cruzamento;Bom;Não existe;Perfeito estado;Seca;Perfeito estado;Não existe;;;Única;Não existe;;
2021-10-07;18:17:00;COM VITIMA;FINALIZADA;ENCRUZILHADA;RUA DA CORAGEM;125;RUA DONA JULIETA;PARALELA E ESTRADA DE BELEM;ENCRUZILHADA;;;COLISÃO TRANSVERSAL;1;1;0;0;0;0;0;0;0;1;0;Cruzamento;Bom;Não existe;Perfeito estado;Seca;Perfeito estado;Não existe;"Placas ""Pare""";30 km/h;;Faixa seccionada;;
2021-10-07;19:38:00;COM VITIMA;FINALIZADA;BAIRRO DO RECIFE;AV ALFREDO LISBOA;;;EM FRENTE A TORRE MALAKOFF;BAIRRO DO RECIFE;;SUBURBIO;COLISÃO TRANSVERSAL;1;1;0;0;0;0;0;0;0;1;0;Longo da via;Bom;Sem defeito;Perfeito estado;Seca;;Faixa de pedestre;Outras;;Única;Faixa seccionada;;
2021-10-07;22:29:40;SEM ViTIMA;CANCELADA;NOVA DESCOBERTA;AV NORTE MIGUEL ARRAES DE ALENCAR;680;;PROXIMIDADES DO LARGO DONA REGINA / E/F A FARMACIA MANDACARU;NOVA DESCOBERTA;;;COLISÃO LATERAL;1;0;0;0;0;0;1;0;0;0;0;;;;;;;;;;;;;
2021-10-08;08:43:00;COM VITIMA;FINALIZADA;SANTO ANTÔNIO;AV DANTAS BARRETO;653;;;SANTO ANTÔNIO;;SUBURBIO;ATROPELAMENTO DE PESSOA;0;1;0;0;1;0;0;0;0;1;0;Longo da via;Bom;Não existe;Perfeito estado;Seca;Perfeito estado;Não existe;Não há placas;30 km/h;Única;;;
2021-10-08;11:04:00;COM VITIMA;FINALIZADA;TEJIPIÓ;AV DR JOSE RUFINO;1271;;FARMÁCIA TRABALHOR DE PERNAMBUCO;TEJIPIÓ;;SUBURBIO;ATROPELAMENTO DE PESSOA;0;1;0;0;1;0;0;0;0;1;0;Longo da via;Bom;Não existe;Incompleta;Seca;Perfeito estado;Não existe;R-6a;;Dupla;Não existe;;
2021-10-08;13:42:00;COM VITIMA;FINALIZADA;DOIS IRMÃOS;RUA RIBEIRO PESSOA;;;AO LADO DA UNIDADE HOSPITAL UPA CAXANGÁ;DOIS IRMÃOS;281;CIDADE;COLISÃO TRASEIRA;1;1;0;0;0;0;0;0;0;1;0;Longo da via;Bom;Sem defeito;Perfeito estado;Seca;Perfeito estado;Agente;Outras;40 km/h;Dupla;Faixa contínua;;
2021-10-08;17:23:00;VITIMA FATAL;FINALIZADA;ARRUDA;AV BEBERIBE;690;;DISNOVE VEICULO;ARRUDA;;SUBURBIO;CHOQUE;0;0;0;0;0;1;0;0;0;0;1;Longo da via;Bom;Não existe;Perfeito estado;Seca;Perfeito estado;Não existe;Outras;;Dupla;Não existe;;
2021-10-08;17:47:00;COM VITIMA;FINALIZADA;SANTO AMARO;AV NORTE MIGUEL ARRAES DE ALENCAR;876;AV CRUZ CABUGA;LADO OPOSTO AO CEMITÉRIO DOS INGLESES;SANTO AMARO;34;CIDADE;COLISÃO FRONTAL;1;1;0;0;0;0;0;0;0;2;0;Cruzamento;Bom;Sem defeito;Perfeito estado;Seca;Perfeito estado;Faixa de pedestre;Não há placas;60 km/h;Dupla;Canteiro central;;
2021-10-08;20:55:40;COM VITIMA;FINALIZADA;AREIAS;AV DR JOSE RUFINO;809;;EM FRENTE A BRINK KIDS;AREIAS;;CIDADE;COLISÃO FRONTAL;1;1;0;0;0;0;0;0;0;1;0;Longo da via;Bom;Não existe;Não existente;Seca;Perfeito estado;Não existe;Não há placas;;Dupla;Faixa contínua;;
2021-10-08;23:13:40;SEM ViTIMA;FINALIZADA;BOA VIAGEM;RUA ANTONIO FALCAO;714;;AO BANCO SANTANDER;BOA VIAGEM;;CIDADE;COLISÃO TRASEIRA;1;0;0;0;0;0;1;0;0;0;0;Longo da via;Bom;Sem defeito;Perfeito estado;Seca;Perfeito estado;Não existe;Outras;;Única;;;
2021-10-09;01:20:00;COM VITIMA;FINALIZADA;SANTO AMARO;AV GOVERNADOR AGAMENON MAGALHAES;;RUA ODORICO MENDES;;SANTO AMARO;49;SUBURBIO;COLISÃO COM CICLISTA;0;0;0;1;0;0;0;0;0;1;0;Cruzamento;Bom;Sem defeito;Perfeito estado;Seca;Perfeito estado;Faixa de pedestre;Outras;60 km/h;Dupla;Faixa contínua;Faixa seccionada;Canteiro central
2021-10-09;04:18:00;SEM ViTIMA;FINALIZADA;BOA VIAGEM;RUA ANTONIO FALCAO;714;;PRÓXIMO AO BISTROL RECIFE HOTEL;BOA VIAGEM;;;CHOQUE;4;0;0;0;0;0;0;0;0;0;0;Longo da via;Bom;Não existe;Não existente;Molhada;Perfeito estado;Não existe;Não há placas;;Única;Não existe;;
2021-10-09;11:24:00;SEM ViTIMA;FINALIZADA;CASA AMARELA;AV NORTE MIGUEL ARRAES DE ALENCAR;5010;;EM FRENTE A MOTOPARTS;CASA AMARELA;79;SUBURBIO;CHOQUE;0;0;0;0;0;0;1;0;2;0;0;Longo da via;Bom;Sem defeito;Perfeito estado;Seca;Perfeito estado;Faixa de pedestre;Outras;;Dupla;Canteiro central;;
2021-10-09;15:29:00;COM VITIMA;FINALIZADA;SAN MARTIN;RUA APULCRO DE ASSUNCAO;61;RUA EDUARDO DE ANDRADE;PROXIMO AO RESTAURANTE PASSIRA;SAN MARTIN;;SUBURBIO;COLISÃO TRANSVERSAL;1;1;0;0;0;0;0;0;0;1;0;Longo da via;Bom;Não existe;Não existente;Seca;Mal conservada;Não existe;Não há placas;;Dupla;Não existe;;
2021-10-10;14:47:00;SEM ViTIMA;FINALIZADA;IMBIRIBEIRA;AV GENERAL MAC ARTHUR;;AV MARECHAL MASCARENHAS DE MORAES;AO LADO DO POSTO IPIRANGA GÁS NATURAL;IMBIRIBEIRA;225;SUBURBIO;COLISÃO TRASEIRA;2;0;0;0;0;0;0;0;0;0;0;Longo da via;Bom;Sem defeito;Perfeito estado;Seca;Perfeito estado;Faixa de retenção;Não há placas;40 km/h;Única;Não existe;;
2021-10-10;15:11:00;COM VITIMA;FINALIZADA;IPSEP;RUA JEAN EMILE FAVRE;1131;RUA FRANCISCO BARRETO;EM FRENTE A PÃO NORTE N° 1131;IPSEP;527;CIDADE;COLISÃO TRANSVERSAL;1;1;0;0;0;0;0;0;0;1;0;Longo da via;Bom;Sem defeito;Perfeito estado;Seca;Perfeito estado;Faixa de pedestre;Outras;60 km/h;Dupla;Faixa contínua;Faixa seccionada;
2021-10-10;22:43:40;COM VITIMA;FINALIZADA;DOIS UNIDOS;AV CHAGAS FERREIRA;641;RUA LEONCIO RODRIGUES;AO LADO DO HOTEL SECULO XX;DOIS UNIDOS;;SUBURBIO;COLISÃO FRONTAL;0;2;0;0;0;0;0;0;0;2;0;Longo da via;Bom;Não existe;Incompleta;Seca;Perfeito estado;Não existe;Não há placas;;Dupla;Não existe;;
2021-10-11;01:42:00;SEM ViTIMA;CANCELADA;BOA VIAGEM;AV CONSELHEIRO AGUIAR;;RUA PADRE BERNADINO PESSOA;;BOA VIAGEM;;;COLISÃO FRONTAL;2;0;0;0;0;0;0;0;0;0;0;;;;;;;;;;;;;
2021-10-11;09:38:00;COM VITIMA;FINALIZADA;BOA VISTA;RUA GERVASIO PIRES;265;;;BOA VISTA;;SUBURBIO;ATROPELAMENTO DE PESSOA;0;1;0;0;1;0;0;0;0;1;0;Longo da via;Bom;;Perfeito estado;Seca;Perfeito estado;Não existe;R-6a;;Única;;;
2021-10-11;09:41:00;COM VITIMA;FINALIZADA;DERBY;AV GOVERNADOR AGAMENON MAGALHAES;;RUA HENRIQUE DIAS;SENTIDO BOA VIAGEM;DERBY;68;CIDADE;COLISÃO TRANSVERSAL;0;2;0;0;0;0;0;0;0;2;0;Cruzamento;Bom;Sem defeito;Perfeito estado;Seca;Perfeito estado;Faixa de pedestre;R-4a;60 km/h;Dupla;Faixa contínua;;
2021-10-11;09:52:00;COM VITIMA;FINALIZADA;JORDÃO;AV MARIA IRENE;261;;MARTELINHO DE OURO AUTO CRUZ;JORDÃO;;SUBURBIO;COLISÃO FRONTAL;1;1;0;0;0;0;0;0;0;1;0;Longo da via;Bom;Não existe;Perfeito estado;Seca;Perfeito estado;Não existe;Não há placas;;Dupla;Faixa contínua;;
2021-10-11;12:05:00;COM VITIMA;FINALIZADA;VÁRZEA;RUA GENERAL POLIDORO;851;;;VÁRZEA;;SUBURBIO;ATROPELAMENTO DE PESSOA;1;0;0;0;1;0;0;0;0;1;0;Longo da via;Bom;Não existe;Incompleta;Seca;Perfeito estado;;Outras;30 km/h;Dupla;Não existe;;
2021-10-11;14:39:00;COM VITIMA;FINALIZADA;IMBIRIBEIRA;AV PRESIDENTE DUTRA;;;SOBRE O VIADUTO TANCREDO NEVES;IMBIRIBEIRA;;CAXANGÁ;COLISÃO COM CICLISTA;1;0;0;1;0;0;0;0;0;1;0;Longo da via;Bom;Não existe;Perfeito estado;Seca;Perfeito estado;Não existe;R-26;;Única;Faixa contínua;;