data;hora;natureza_acidente;situacao;bairro;endereco;numero;detalhe_endereco_acidente;complemento;bairro_cruzamento;num_semaforo;sentido_via;tipo;auto;moto;ciclom;ciclista;pedestre;onibus;caminhao;viatura;outros;vitimas;vitimasfatais;acidente_verificado;tempo_clima;situacao_semaforo;sinalizacao;condicao_via;conservacao_via;ponto_controle;situacao_placa;velocidade_max_via;mao_direcao;divisao_via1;divisao_via2;divisao_via3
2021-11-11;14:32:00;COM VITIMA;FINALIZADA;BOA VIAGEM;RUA VISCONDE DE JEQUITINHONHA;;;SEMÁFORO 443;BOA VIAGEM;443;SUBURBIO;ATROPELAMENTO DE PESSOA;0;1;0;0;1;0;0;0;0;1;0;Longo da via;Bom;Sem defeito;Perfeito estado;Seca;Perfeito estado;Faixa de pedestre;Outras;;Única;Faixa seccionada;Canteiro central;
2021-11-11;15:43:00;COM VITIMA;CANCELADA;IBURA;AV DOIS RIOS;;;PROX A NR SUPERMERCADO;IBURA;;;COLISÃO LATERAL;1;1;0;0;0;0;0;0;0;1;0;;;;;;;;;;;;;
2021-11-11;16:27:00;SEM ViTIMA;FINALIZADA;AFOGADOS;RUA QUITERIO INACIO DE MELLO;;RUA CINCO DE NOVEMBRO;IMPORT PNEUS;AFOGADOS;553;SUBURBIO;;2;0;0;0;0;0;0;0;0;0;0;Longo da via;Bom;Sem defeito;Perfeito estado;Seca;Perfeito estado;;"Placas ""Pare""";;Única;Faixa seccionada;;
2021-11-11;17:58:00;COM VITIMA;FINALIZADA;ROSARINHO;AV NORTE MIGUEL ARRAES DE ALENCAR;3370;;ANTES DO EDIFICIO FORTE DOS REIS MAGOS;ROSARINHO;;SUBURBIO;COLISÃO TRASEIRA;1;1;0;0;0;0;0;0;0;1;0;Longo da via;Bom;Não existe;Perfeito estado;Seca;Perfeito estado;Não existe;"Placas ""Pare""";60 km/h;Dupla;Faixa seccionada;Canteiro central;
2021-11-11;18:37:00;COM VITIMA;FINALIZADA;SANTO AMARO;AV GOVERNADOR AGAMENON MAGALHAES;;;EM CIMA DO VIADUTO SENTIDO OLINDA -;SANTO AMARO;;;COLISÃO COM CICLISTA;1;0;0;1;0;0;0;0;0;1;0;;;;;;;;;;;;;
2021-11-11;20:17:00;COM VITIMA;FINALIZADA;TAMARINEIRA;AV NORTE MIGUEL ARRAES DE ALENCAR;;AV PROFESSOR JOSE DOS ANJOS;EM FRENTE AO SESC;TAMARINEIRA;364;CIDADE;COLISÃO FRONTAL;0;1;0;0;0;0;0;0;0;2;0;Cruzamento;Bom;Sem defeito;Perfeito estado;Seca;Perfeito estado;Faixa de pedestre;Não há placas;;Dupla;Canteiro central;;
2021-11-12;09:32:00;SEM ViTIMA;FINALIZADA;MANGUEIRA;RUA SAO MIGUEL;1705;;AO LADO DO ATACAREJO;MANGUEIRA;;;COLISÃO LATERAL;0;1;0;0;0;0;0;1;0;0;0;Cruzamento;Bom;Não existe;Perfeito estado;Seca;Perfeito estado;Não existe;Não há placas;;Dupla;Faixa contínua;;
2021-11-12;11:22:00;COM VITIMA;FINALIZADA;CORDEIRO;EST DO FORTE DO ARRAIAL N. DO B. JESUS;422;;E/F A P.A PESCADOS;CORDEIRO;;;COLISÃO TRANSVERSAL;1;1;0;0;0;0;0;0;0;1;0;Longo da via;Bom;Não existe;Perfeito estado;Seca;Perfeito estado;Não existe;Não há placas;;Dupla;Faixa contínua;;
2021-11-12;11:32:00;COM VITIMA;FINALIZADA;BOA VISTA;RUA TABIRA;220;AV MONTEVIDEU;APOS O BRADESCO AUTO CENTER;BOA VISTA;;CIDADE;COLISÃO COM CICLISTA;1;0;0;1;0;0;0;0;0;1;0;Cruzamento;Bom;Não existe;Perfeito estado;Seca;Perfeito estado;Não existe;Não há placas;60 km/h;Única;Faixa seccionada;;
2021-11-12;11:57:00;SEM ViTIMA;FINALIZADA;BAIRRO DO RECIFE;RUA DO PRINCIPE;390;;PROX A IGREJA CONGREGACIONAL;BAIRRO DO RECIFE;;;ENGAVETAMENTO;3;0;0;0;0;0;0;0;0;0;0;;;;;;;;;;;;;
2021-11-12;12:31:00;COM VITIMA;FINALIZADA;MADALENA;RUA BENFICA;650;;EM FRENTE AO EDIFICIO CRISTINA;MADALENA;;CIDADE;COLISÃO FRONTAL;1;1;0;0;0;0;0;0;0;1;0;Longo da via;Bom;Não existe;Perfeito estado;Seca;Perfeito estado;Não existe;Não há placas;;Dupla;Faixa contínua;;
2021-11-12;14:01:00;COM VITIMA;FINALIZADA;BOA VIAGEM;AV BOA VIAGEM;3962;RUA RIBEIRO DE BRITO;EM FRENTE AO EDIFICIO QUEEN MARY;BOA VIAGEM;;CIDADE;COLISÃO COM CICLISTA;1;0;0;1;0;0;0;0;0;1;0;Longo da via;Bom;Não existe;Perfeito estado;Seca;Perfeito estado;Não existe;Não há placas;60 km/h;Única;Faixa seccionada;;
2021-11-12;14:09:00;COM VITIMA;FINALIZADA;BOA VIAGEM;AV CONSELHEIRO AGUIAR;2034;;AO LADO DO BANCO SANTANDER;BOA VIAGEM;;CIDADE;COLISÃO TRASEIRA;1;1;0;0;0;0;0;0;0;1;0;Cruzamento;Bom;Não existe;Perfeito estado;Seca;Perfeito estado;Não existe;"Placas ""Pare""";;Única;Faixa seccionada;;
2021-11-12;15:33:00;SEM ViTIMA;FINALIZADA;MADALENA;RUA MONSENHOR SILVA;223;;PROXIMO AO MINUTO PÃO DE AÇÚCAR;MADALENA;;;COLISÃO LATERAL;2;0;0;0;0;0;0;0;0;0;0;Longo da via;Bom;Não existe;Não existente;Seca;Perfeito estado;Não existe;Não há placas;;;Não existe;;
2021-11-12;16:41:00;COM VITIMA;FINALIZADA;SÃO JOSÉ;AV DANTAS BARRETO;906;;EM FRENTE AO NE 906;SÃO JOSÉ;;SUBURBIO;ATROPELAMENTO DE PESSOA;1;0;0;0;1;0;0;0;0;1;0;Longo da via;Bom;Não existe;Perfeito estado;Seca;Perfeito estado;Não existe;Outras;;Dupla;Faixa contínua;;
2021-11-12;17:15:00;COM VITIMA;FINALIZADA;VASCO DA GAMA;AV VEREADOR OTACILIO AZEVEDO;960;RUA TUPIRACABA;APÓS A UPA;VASCO DA GAMA;;SUBURBIO;COLISÃO FRONTAL;0;1;0;0;0;1;0;0;0;1;0;Cruzamento;Bom;Não existe;Não existente;Seca;Perfeito estado;Não existe;Não há placas;;Dupla;Não existe;;
2021-11-12;18:21:00;COM VITIMA;FINALIZADA;LINHA DO TIRO;RUA URIEL DE HOLANDA;114;RUA TAGUATINGA;NA LADEIRA, PRÓX AO CLUBE BELA VISTA;LINHA DO TIRO;;;ENGAVETAMENTO;1;1;0;0;0;0;1;0;0;4;0;Cruzamento;Bom;Não existe;;;;;;;;;;
2021-11-12;21:11:40;COM VITIMA;FINALIZADA;CORDEIRO;AV ENGENHEIRO ABDIAS DE CARVALHO;687;;PROX AO SUPERMECADO DO ATACAREJO;CORDEIRO;687;CIDADE;COLISÃO TRANSVERSAL;1;1;0;0;0;0;0;0;0;1;0;Longo da via;Bom;Sem defeito;Perfeito estado;Seca;Perfeito estado;Faixa de pedestre;Não há placas;;;Faixa seccionada;;
2021-11-12;21:49:40;COM VITIMA;FINALIZADA;TAMARINEIRA;AV CONS ROSA E SILVA;;RUA SIMAO MENDES;FARMÁCIA PAGUE MENOS;TAMARINEIRA;253;S;COLISÃO TRANSVERSAL;1;1;0;0;0;0;0;0;0;1;0;Cruzamento;Chuvoso;Sem defeito;Perfeito estado;Molhada;Perfeito estado;Faixa de pedestre;Outras;;Única;Faixa contínua;;
2021-11-12;22:33:40;VITIMA FATAL;FINALIZADA;IPUTINGA;RUA BOM PASTOR;670;RUA MAURICEIA;EM FRENTE PONTO DO PASTEL;IPUTINGA;652;SUBURBIO;ATROPELAMENTO DE PESSOA;1;0;0;0;3;0;0;0;0;3;1;Longo da via;Bom;Intermitente;Perfeito estado;Seca;Perfeito estado;Faixa de pedestre;Não há placas;;Dupla;Faixa seccionada;;
2021-11-13;08:24:00;SEM ViTIMA;CANCELADA;VÁRZEA;RUA EMETERIO MACIEL;868;;E/F AO CONJUNTO RESIDENCIAL PORTINARI;VÁRZEA;;;COLISÃO FRONTAL;2;0;0;0;0;0;0;0;0;0;0;;;;;;;;;;;;;
2021-11-13;18:14:00;COM VITIMA;FINALIZADA;VÁRZEA;RUA AMARO GOMES POROCA;232;;PRÓXIMO AO RESTAURANTE BRAZETUS;VÁRZEA;;;COLISÃO COM CICLISTA;0;0;0;1;0;1;0;0;0;1;0;Longo da via;Bom;Não existe;Perfeito estado;Seca;Perfeito estado;Não existe;Não há placas;;Dupla;Faixa seccionada;;
2021-11-13;20:17:00;SEM ViTIMA;CANCELADA;AFLITOS;RUA DO FUTURO;800;;E/F AO EDFC SAO NICOLAU;AFLITOS;;;COLISÃO TRASEIRA;2;0;0;0;0;0;0;0;0;0;0;;;;;;;;;;;;;
2021-11-13;23:14:40;COM VITIMA;FINALIZADA;TORRE;RUA JOSE BONIFACIO;;;EM FRENTE AO CARREFOUR DA TORRE;TORRE;;;COLISÃO LATERAL;1;1;0;0;0;0;0;0;0;1;0;;;;;;;;;;;;;
2021-11-14;12:43:00;COM VITIMA;FINALIZADA;IPUTINGA;AV MAURICIO DE NASSAU;434;EST DO BARBALHO;NO SEMÁFORO 246;IPUTINGA;246;CIDADE;COLISÃO FRONTAL;2;0;0;0;0;0;0;0;0;1;0;Cruzamento;Bom;Sem defeito;Perfeito estado;Seca;Perfeito estado;Faixa de pedestre;Não há placas;;Dupla;Faixa contínua;;
2021-11-14;13:14:00;SEM ViTIMA;FINALIZADA;BOA VIAGEM;RUA PROFESSOR EDUARDO WANDERLEY FILHO;400;;E/F A  CASA SAO PAULO SUPERMERCADO;BOA VIAGEM;;;COLISÃO LATERAL;0;1;0;0;0;0;0;1;0;0;0;Cruzamento;Bom;Não existe;Perfeito estado;Seca;Perfeito estado;Faixa de pedestre;"Placas ""Pare""";;Dupla;Faixa seccionada;;
2021-11-14;15:57:00;COM VITIMA;FINALIZADA;ALTO JOSÉ DO PINHO;RUA ACAIACA;21;;MERCADINHO SANTA FÉ;ALTO JOSÉ DO PINHO;;;CHOQUE;2;1;0;0;0;0;0;0;0;1;0;Longo da via;Bom;Não existe;Perfeito estado;Seca;Perfeito estado;Não existe;Não há placas;;Dupla;Não existe;;
2021-11-14;21:31:40;COM VITIMA;FINALIZADA;MUSTARDINHA;RUA VINTE E UM DE ABRIL;1245;AV MUSTARDINHA;lado oposto ao numero 1245;MUSTARDINHA;;SUBURBIO;COLISÃO TRASEIRA;1;1;0;0;0;0;0;0;0;1;0;Longo da via;Bom;Não existe;Perfeito estado;Seca;Mal iluminada;Não existe;Não há placas;;Dupla;Faixa seccionada;;
2021-11-14;22:20:40;COM VITIMA;FINALIZADA;PINA;RUA TOME GIBSON;230;AV ENGENHEIRO DOMINGOS FERREIRA;PRÓX A ESCOLA OSVALDO LIMA FILHO;PINA;200;SUBURBIO;COLISÃO FRONTAL;1;1;0;0;0;0;0;0;0;1;0;Cruzamento;Bom;Sem defeito;Perfeito estado;Seca;Perfeito estado;Faixa de pedestre;R-6a;60 km/h;Dupla;Faixa contínua;;
2021-11-15;19:09:00;COM VITIMA;FINALIZADA;IMBIRIBEIRA;AV MARECHAL MASCARENHAS DE MORAES;1999;;PRÓX AO AÇAI ATACADISTA, SNT CENTRO / E/F A SAEL BMW;IMBIRIBEIRA;;SUBURBIO;COLISÃO TRASEIRA;1;1;0;0;0;0;0;0;0;1;0;Longo da via;Bom;Não existe;Incompleta;Seca;Perfeito estado;Não existe;Não há placas;60 km/h;Dupla;Canteiro central;;
2021-11-15;19:22:00;SEM ViTIMA;CANCELADA;BOA VIAGEM;AV ENGENHEIRO DOMINGOS FERREIRA;;;E/F AO COLÉGIO NÚCLEO E BANCO DO BRASIL;BOA VIAGEM;;;COLISÃO TRASEIRA;2;0;0;0;0;0;0;0;0;0;0;;;;;;;;;;;;;
2021-11-15;20:23:00;COM VITIMA;FINALIZADA;CORDEIRO;AV GENERAL SAN MARTIN;835;;E/F A IGREJA NOVA BATISTA DO CORDEIRO;CORDEIRO;;;COLISÃO LATERAL;1;1;0;0;0;0;0;0;0;1;0;Longo da via;Bom;Não existe;Perfeito estado;Seca;Perfeito estado;Não existe;R-6a;;Dupla;Faixa contínua;;
2021-11-16;00:39:00;COM VITIMA;FINALIZADA;ARRUDA;RUA DO MACHADO;437;RUA DO TRIUNFO;PADARIA CENTRAL;ARRUDA;;SUBURBIO;COLISÃO FRONTAL;1;1;0;0;0;0;0;0;0;2;0;Cruzamento;Bom;Não existe;Ilegível;Seca;;Não existe;"Placas ""Pare""";30 km/h;Dupla;Não existe;;
2021-11-16;07:32:00;COM VITIMA;FINALIZADA;CASA AMARELA;RUA DOIS DE FEVEREIRO;344;;PROX. A SAULO MOTOS;CASA AMARELA;;CIDADE;COLISÃO FRONTAL;1;1;0;0;0;0;0;0;0;1;0;Longo da via;Bom;Não existe;Incompleta;Seca;Perfeito estado;Não existe;R-19;30 km/h;Dupla;Não existe;;
2021-11-16;08:33:00;COM VITIMA;FINALIZADA;CABANGA;VIADUTO CAPITAO TEMUDO;;;EM CIMA DO VIADUTO DO CABANGA (SENT. BOA VIAGEM) // ALÇA DE TRANSPORTE;CABANGA;;SUBURBIO;COLISÃO TRASEIRA;2;0;0;0;0;1;0;0;0;2;0;Longo da via;Bom;Não existe;Perfeito estado;Seca;Perfeito estado;Não existe;Não há placas;60 km/h;Única;Faixa seccionada;;
2021-11-16;09:07:00;COM VITIMA;FINALIZADA;SANTO AMARO;AV GOVERNADOR AGAMENON MAGALHAES;2805;;EM FRENTE AO EDF HENRIQUE DIAS;SANTO AMARO;;OLINDA;COLISÃO TRANSVERSAL;2;0;0;0;0;0;1;0;0;1;0;Longo da via;Bom;Não existe;Perfeito estado;Seca;Perfeito estado;Não existe;Não há placas;60 km/h;Dupla;Canal;;
2021-11-16;12:47:00;COM VITIMA;FINALIZADA;TORRÕES;AV ENGENHEIRO ABDIAS DE CARVALHO;348;;LADO OPOSTO AO POSTO DE GASOLINA BR;TORRÕES;;CIDADE;COLISÃO TRASEIRA;0;1;0;0;0;0;0;0;0;1;0;Longo da via;Bom;Não existe;Perfeito estado;Seca;Perfeito estado;Não existe;Não há placas;;Única;Faixa seccionada;;
2021-11-16;12:51:00;SEM ViTIMA;CANCELADA;ESPINHEIRO;AV GOVERNADOR AGAMENON MAGALHAES;;;EM FRENTE À FIORI JEEP / SUBIDA DO VIADUTO;ESPINHEIRO;;CIDADE;COLISÃO LATERAL;2;0;0;0;0;0;0;0;0;0;0;;;;;;;;;;;;;
2021-11-16;12:58:00;COM VITIMA;FINALIZADA;SANTO AMARO;AV GOVERNADOR AGAMENON MAGALHAES;;;EM FRENTE A UPE/ SENTIDO OLINDA;SANTO AMARO;;;COLISÃO FRONTAL;1;1;0;0;0;0;0;0;0;2;0;Longo da via;Bom;Sem defeito;Perfeito estado;Seca;Perfeito estado;Não existe;Não há placas;60 km/h;Única;Faixa seccionada;;
2021-11-16;15:49:00;SEM ViTIMA;CANCELADA;ARRUDA;AV PEDRO DE MELO PEDROZA;95;;EM FRENTE AO CONDOMINIO ARISTOTELES DE ANDRADE;ARRUDA;;;COLISÃO COM CICLISTA;1;0;0;1;0;0;0;0;0;0;0;;;;;;;;;;;;;
2021-11-16;18:57:00;COM VITIMA;FINALIZADA;IMBIRIBEIRA;AV MARECHAL MASCARENHAS DE MORAES;5875;;EM FRENTE A MOVIDA;IMBIRIBEIRA;;CIDADE;QUEDA;0;1;0;0;0;0;0;0;0;1;0;Longo da via;Bom;Sem defeito;Perfeito estado;Seca;Perfeito estado;;Outras;60 km/h;Dupla;Canteiro central;;
2021-11-16;19:00:00;SEM ViTIMA;FINALIZADA;BOA VIAGEM;AV BOA VIAGEM;4070;;E/F AO HOTEL GRAND MERCURY;BOA VIAGEM;;;COLISÃO LATERAL;1;0;0;0;0;0;0;1;0;0;0;Longo da via;Bom;Não existe;Perfeito estado;Seca;Perfeito estado;Não existe;"Placas ""Dê a preferência""";60KM/H;Única;Faixa seccionada;;
2021-11-16;20:07:00;COM VITIMA;FINALIZADA;IMBIRIBEIRA;AV MARECHAL MASCARENHAS DE MORAES;;;EM FRENTE A PRAÇA MIN SALGADO FILHO;IMBIRIBEIRA;570;SUBURBIO;ATROPELAMENTO DE PESSOA;0;0;0;0;1;0;0;0;0;1;0;Longo da via;Bom;Sem defeito;Perfeito estado;Seca;Perfeito estado;Faixa de pedestre;Outras;;Dupla;Canteiro central;;
2021-11-16;20:51:00;SEM ViTIMA;FINALIZADA;ENCRUZILHADA;AV NORTE MIGUEL ARRAES DE ALENCAR;;;EF AO EXTRA, SEMÁFORO 045, SNT CID/SUB;ENCRUZILHADA;;;CHOQUE;1;0;0;0;0;0;0;0;0;0;0;;;;;;;;;;;;;
2021-11-16;20:47:40;SEM ViTIMA;FINALIZADA;BOA VIAGEM;RUA JOAO EUGENIO DE LIMA;67;;PROX A QUADRA DO COLEGIO MADRE DE DEUS;BOA VIAGEM;;;COLISÃO FRONTAL;1;0;0;0;0;0;0;1;0;0;0;Cruzamento;Bom;Sem defeito;Não existente;Seca;Perfeito estado;Não existe;Não há placas;;Dupla;Não existe;;
2021-11-16;22:10:40;COM VITIMA;FINALIZADA;JORDÃO;RUA VIRGINOPOLIS;206;;PRÓX AO TERMINAL DE ONIBUS;JORDÃO;;SUBURBIO;ATROPELAMENTO DE PESSOA;1;0;0;0;2;0;0;0;0;2;0;Longo da via;Bom;Não existe;Perfeito estado;Seca;Perfeito estado;Não existe;Não há placas;;Única;Não existe;;
2021-11-16;23:00:40;SEM ViTIMA;FINALIZADA;BOA VIAGEM;RUA VISCONDE DE JEQUITINHONHA;1900;;E/F AO EDF LAGOA DO ABAETÉ;BOA VIAGEM;;;CHOQUE;1;0;0;0;0;0;0;0;0;0;0;;;;;;;;;;;;;
2021-11-17;07:45:00;COM VITIMA;FINALIZADA;IBURA;AV DOM HELDER CAMARA;;AV DOM HELDER CAMARA;EM FRENTE A CASA DA BATERIA;IBURA;;CIDADE;COLISÃO FRONTAL;1;1;0;0;0;0;0;0;0;1;0;Longo da via;Bom;Não existe;Perfeito estado;Seca;Perfeito estado;Não existe;Não há placas;;Dupla;Canteiro central;;
2021-11-17;08:59:00;SEM ViTIMA;FINALIZADA;PINA;RUA PROFESSOR JOSUE DE CASTRO;;;DENTRO DO TUNEO  / SENT  CIDADE;PINA;;CIDADE;COLISÃO TRASEIRA;1;0;0;0;0;0;0;1;0;0;0;Longo da via;Bom;Sem defeito;Perfeito estado;Seca;Perfeito estado;Faixa de pedestre;Não há placas;;Única;;;
2021-11-17;09:05:00;COM VITIMA;FINALIZADA;AFOGADOS;RUA PROFESSOR AUGUSTO WANDERLEY FILHO;;;ENIIL;AFOGADOS;;;COLISÃO TRANSVERSAL;1;1;0;0;0;0;0;0;0;1;0;Cruzamento;Bom;Sem defeito;Perfeito estado;Seca;Perfeito estado;Faixa de pedestre;Não há placas;;Única;Faixa seccionada;;
2021-11-17;09:17:00;COM VITIMA;FINALIZADA;CASA AMARELA;AV NORTE MIGUEL ARRAES DE ALENCAR;6173;;E/F A IGREJA QUADRANGULAR;CASA AMARELA;;CIDADE;ATROPELAMENTO DE PESSOA;0;1;0;0;1;0;0;0;0;1;0;Longo da via;Bom;Sem defeito;Perfeito estado;Seca;Perfeito estado;Não existe;;;Dupla;Faixa seccionada;;
2021-11-17;10:52:00;COM VITIMA;FINALIZADA;IMBIRIBEIRA;AV DOM JOAO VI;;RUA SOLDADO SINESIO DE ARAGAO;EM FRENTE AO SEMAFORO 639;IMBIRIBEIRA;639;SUBURBIO;COLISÃO TRASEIRA;0;1;0;0;0;0;1;0;0;1;0;Cruzamento;Bom;Sem defeito;Perfeito estado;Seca;Perfeito estado;Faixa de pedestre;Não há placas;;Dupla;Canal;Faixa contínua;
2021-11-17;13:15:00;COM VITIMA;FINALIZADA;IBURA;AV DOIS RIOS;;RUA PINTOR AGENOR DE ALBUQUERQUE CESAR;SOB O SEMÁFORO;IBURA;561;SUBURBIO;COLISÃO TRANSVERSAL;1;1;0;0;0;0;0;0;0;1;0;Esquina;Bom;Sem defeito;Perfeito estado;Seca;Perfeito estado;Faixa de pedestre;Outras;60 km/h;Dupla;Faixa seccionada;;
2021-11-17;14:32:00;COM VITIMA;FINALIZADA;CAXANGÁ;AV CAXANGA;;;E/F  A UPA S/T CID;CAXANGÁ;281;CIDADE;QUEDA;0;1;0;0;0;0;0;0;0;1;0;Longo da via;Bom;Sem defeito;Perfeito estado;Seca;Perfeito estado;Agente;R-32;60 km/h;Dupla;Faixa contínua;Faixa seccionada;Canteiro central
2021-11-17;14:46:00;COM VITIMA;FINALIZADA;ESPINHEIRO;AV GOVERNADOR AGAMENON MAGALHAES;2265;;EM FRENTE AO EDIFICIO VISCONDE DE UTINGA;ESPINHEIRO;;;COLISÃO LATERAL;1;1;0;0;0;0;0;0;0;2;0;Longo da via;Bom;Não existe;Perfeito estado;Seca;Perfeito estado;Não existe;Não há placas;60 km/h;Dupla;Canteiro central;;
2021-11-17;14:59:00;COM VITIMA;FINALIZADA;ENCRUZILHADA;EST DE BELEM;207;RUA DONA JULIETA;E/F A IGREJA DE BELEM;ENCRUZILHADA;;SUBURBIO;COLISÃO TRANSVERSAL;1;1;0;0;0;0;0;0;0;1;0;Cruzamento;Bom;Não existe;Perfeito estado;Seca;Perfeito estado;Não existe;Não há placas;;Dupla;Faixa contínua;;
2021-11-17;16:06:00;COM VITIMA;FINALIZADA;MADALENA;RUA BENFICA;676;;CHURRASCARIA AFOX;MADALENA;;CIDADE;COLISÃO TRASEIRA;1;1;0;0;0;0;0;0;0;1;0;Longo da via;Bom;Não existe;Perfeito estado;Seca;Perfeito estado;Não existe;R-6a;;Dupla;Faixa contínua;Canteiro central;
2021-11-17;16:52:00;OUTROS;FINALIZADA;SÃO JOSÉ;C SANTA RITA;675;;LADO OPOSTO AO 16° BPM;SÃO JOSÉ;;CIDADE;OUTROS;0;1;0;0;0;0;0;0;0;1;0;Longo da via;Chuvoso;Sem defeito;Perfeito estado;Molhada;Perfeito estado;Não existe;Não há placas;60 km/h;Dupla;Canteiro central;;
2021-11-17;18:23:00;COM VITIMA;FINALIZADA;MADALENA;AV CAXANGA;400;;PROX AO BANCO SANTANDER;MADALENA;;SUBURBIO;ATROPELAMENTO DE PESSOA;1;0;0;0;1;0;0;0;0;1;0;Longo da via;Bom;Não existe;Perfeito estado;Seca;Perfeito estado;Não existe;Não há placas;;Dupla;Canteiro central;;
2021-11-17;19:12:00;COM VITIMA;CANCELADA;PAISSANDU;AV GOVERNADOR AGAMENON MAGALHAES;;;PROX AO BANCO SAFRA;PAISSANDU;69;OLINDA;COLISÃO LATERAL;1;1;0;0;0;0;0;0;0;1;0;;;;;;;;;;;;;
2021-11-17;20:01:00;COM VITIMA;FINALIZADA;IPSEP;RUA HELIO BRANDAO;340;RUA ALAGOAS;AO LADO DO N° 340;IPSEP;;;ATROPELAMENTO DE PESSOA;1;0;0;0;1;0;0;0;0;1;0;Longo da via;Bom;Não existe;Ilegível;Seca;Mal iluminada;Não existe;R-6a;;Dupla;Faixa seccionada;;
2021-11-17;22:44:40;COM VITIMA;FINALIZADA;BOA VIAGEM;RUA VISCONDE DE JEQUITINHONHA;680;RUA BALTAZAR PASSOS;EM FRENTE AO SEMÁFORO NÚMERO 154;BOA VIAGEM;154;;;1;1;0;0;0;0;0;0;0;2;0;Cruzamento;Bom;Sem defeito;Perfeito estado;Seca;Perfeito estado;Faixa de retenção;Não há placas;60 km/h;Única;Faixa contínua;;
2021-11-18;07:18:00;COM VITIMA;FINALIZADA;ILHA DO LEITE;RUA PAISSANDU;;;EM FRENTE AO HOSPITAL SÃO MARCOS;ILHA DO LEITE;;CIDADE;QUEDA;0;1;0;0;0;0;0;0;0;1;0;Longo da via;Chuvoso;Sem defeito;Perfeito estado;Seca;Perfeito estado;Não existe;Não há placas;;Dupla;Faixa contínua;Blocos;
2021-11-18;08:02:00;COM VITIMA;CANCELADA;SÃO JOSÉ;C SANTA RITA;454;;ESQ DO PAINEL DIGITAL  / RUA ESQ COM AS TORRES GEMEAS / 675;SÃO JOSÉ;;;COLISÃO LATERAL;0;2;0;0;0;0;0;0;0;1;0;;;;;;;;;;;;;
2021-11-18;14:07:00;COM VITIMA;FINALIZADA;APIPUCOS;RUA DOIS IRMAOS;165;;EM FRENTE A ASSOCIAÇÃO BRASILEIRA DE ODONTOLOGIA;APIPUCOS;;CIDADE;COLISÃO TRASEIRA;1;1;0;0;0;0;0;0;0;1;0;Longo da via;Bom;Não existe;Perfeito estado;Seca;Perfeito estado;Não existe;R-6a;;Dupla;Faixa contínua;;
2021-11-18;15:58:00;COM VITIMA;FINALIZADA;IMBIRIBEIRA;AV MARECHAL MASCARENHAS DE MORAES;1511;;EM FRENTE AO DEPOSITO LASER;IMBIRIBEIRA;;CIDADE;COLISÃO TRASEIRA;0;0;0;1;0;1;0;0;0;1;0;Longo da via;Bom;Não existe;Perfeito estado;Seca;Perfeito estado;Não existe;Não há placas;;Dupla;Canteiro central;;
2021-11-18;16:37:00;COM VITIMA;FINALIZADA;ROSARINHO;AV NORTE MIGUEL ARRAES DE ALENCAR;2760;RUA CEARA;EM FRENTE AO N° 2760;ROSARINHO;45;SUBURBIO;COLISÃO TRASEIRA;1;1;0;0;0;0;0;0;0;1;0;Esquina;Chuvoso;Sem defeito;Perfeito estado;Molhada;Perfeito estado;Não existe;R-6a;;Dupla;Canteiro central;;
2021-11-18;19:39:00;COM VITIMA;CANCELADA;DOIS UNIDOS;RUA CORONEL PILAR;700;;PRÓX AO FORRO DO ARLINDO;DOIS UNIDOS;;;COLISÃO FRONTAL;0;1;0;0;0;1;0;0;0;1;0;;;;;;;;;;;;;
2021-11-18;20:28:00;COM VITIMA;FINALIZADA;BOA VIAGEM;AV ENGENHEIRO DOMINGOS FERREIRA;;RUA BRUNO VELOSO;SEMAFORO 338;BOA VIAGEM;;;COLISÃO LATERAL;1;1;0;0;0;0;0;0;0;1;0;;;;;;;;;;;;;
2021-11-18;22:06:40;SEM ViTIMA;FINALIZADA;VÁRZEA;AV AFONSO OLINDENSE;228;;PRÓX A FARMACIA PERNAMBUCANAS;VÁRZEA;;;COLISÃO TRASEIRA;0;0;0;0;0;0;0;0;0;0;0;Longo da via;Bom;Com defeito;Perfeito estado;Seca;Perfeito estado;Faixa de pedestre;Não há placas;30 KM/H;Dupla;Faixa contínua;;
2021-11-19;07:03:00;COM VITIMA;FINALIZADA;ENCRUZILHADA;AV BEBERIBE;335;RUA FERNANDO CESAR;EM FRENTE AO BANCO DO BRASIL;ENCRUZILHADA;238;SUBURBIO;COLISÃO FRONTAL;1;1;0;0;0;0;0;0;0;1;0;Cruzamento;Bom;Sem defeito;Perfeito estado;Seca;Perfeito estado;Outros;R-4a;;Dupla;Faixa contínua;Faixa seccionada;