data;hora;natureza_acidente;situacao;bairro;endereco;numero;detalhe_endereco_acidente;complemento;bairro_cruzamento;num_semaforo;sentido_via;tipo;auto;moto;ciclom;ciclista;pedestre;onibus;caminhao;viatura;outros;vitimas;vitimasfatais;acidente_verificado;tempo_clima;situacao_semaforo;sinalizacao;condicao_via;conservacao_via;ponto_controle;situacao_placa;velocidade_max_via;mao_direcao;divisao_via1;divisao_via2;divisao_via3
2021-11-28;20:27:00;COM VITIMA;FINALIZADA;IBURA;AV DOIS RIOS;;;DESCIDA LADEIRA DA COHAB;IBURA;;CIDADE;COLISÃO TRANSVERSAL;1;1;0;0;0;0;0;0;0;2;0;Longo da via;Bom;Não existe;Perfeito estado;Seca;Perfeito estado;Não existe;Outras;;Dupla;Não existe;;
2021-11-28;21:31:40;SEM ViTIMA;FINALIZADA;CAXANGÁ;RUA DOUTOR DUSTAN DE CARVALHO SOARES;157;;PRÓX AO HOTEL TURQUESA;CAXANGÁ;;;ENGAVETAMENTO;0;0;0;0;0;0;0;0;0;0;0;;;;;;;;;;;;;
2021-11-28;22:11:40;SEM ViTIMA;CANCELADA;ARRUDA;RUA DA REGENERACAO;;RUA DO MACHADO;PRÓX AO CLUBE DOS IRRESPONSÁVEIS;ARRUDA;;;ENGAVETAMENTO;3;0;0;0;0;0;0;0;0;0;0;;;;;;;;;;;;;
2021-11-29;00:04:00;SEM ViTIMA;CANCELADA;IPUTINGA;RUA EMILIANO BRAGA;;;AO LADO DA INTEGRAÇÃO CDU;IPUTINGA;;;COLISÃO LATERAL;3;0;0;0;0;0;0;0;0;0;0;;;;;;;;;;;;;
2021-11-29;10:12:00;COM VITIMA;FINALIZADA;ESPINHEIRO;RUA QUARENTA E OITO;261;RUA DA HORA;E/F AO LABORATÓRIO CERPE;ESPINHEIRO;21;CIDADE;COLISÃO FRONTAL;1;1;0;0;0;0;0;0;0;2;0;Cruzamento;Bom;Sem defeito;Perfeito estado;Seca;Perfeito estado;Faixa de pedestre;Outras;;Única;Faixa seccionada;;
2021-11-29;10:17:00;COM VITIMA;FINALIZADA;CABANGA;AV ANTONIO DE GOES;;;AO LADO DO CABANGA IAT CLUBE;CABANGA;;CIDADE;QUEDA;0;1;0;0;0;0;0;0;0;1;0;Longo da via;Bom;Não existe;Não existente;Seca;Perfeito estado;Não existe;Não há placas;60 km/h;;;Outros;
2021-11-29;12:35:00;COM VITIMA;FINALIZADA;CABANGA;PRC GOVERNADOR PAULO GUERRA;;;AO LADO DO CABANGA IAT CLUBE;CABANGA;;CIDADE;CHOQUE;0;1;0;0;0;0;0;0;0;1;0;Longo da via;Bom;Não existe;Perfeito estado;Seca;Perfeito estado;Não existe;Outras;60 km/h;Dupla;Faixa contínua;;
2021-11-29;13:12:00;COM VITIMA;FINALIZADA;BARRO;AV DR JOSE RUFINO;2022;;LADO OPOSTO A GILBERTO EQUIPADORA;BARRO;;;COLISÃO TRASEIRA;1;1;0;0;0;1;0;0;0;1;0;Longo da via;Bom;Não existe;Perfeito estado;Seca;Perfeito estado;Não existe;Não há placas;;Dupla;Faixa contínua;;
2021-11-29;15:01:00;COM VITIMA;FINALIZADA;AFLITOS;AV SANTOS DUMONT;377;RUA CARNEIRO VILELA;EM FRENTE AO EDIFICIO MONTE NEGRO;AFLITOS;;SUBURBIO;CHOQUE;1;0;0;0;0;0;0;0;0;1;0;Longo da via;Bom;Não existe;Perfeito estado;Seca;Perfeito estado;Não existe;R-6a;;Única;Não existe;;
2021-11-29;18:20:00;COM VITIMA;FINALIZADA;ÁGUA FRIA;AV BEBERIBE;1359;RUA RAMIZ GALVAO;CRUZAMENTO DO EMÁFORO N° 492;ÁGUA FRIA;492;SUBURBIO;COLISÃO FRONTAL;1;1;0;0;0;0;0;0;0;1;0;Cruzamento;Bom;Sem defeito;Perfeito estado;Seca;Perfeito estado;Faixa de pedestre;Não há placas;60 km/h;Dupla;Faixa contínua;;
2021-11-29;18:45:00;COM VITIMA;FINALIZADA;IMBIRIBEIRA;RUA JAMAICA;71;;PROX A BS BLINDAGEM;IMBIRIBEIRA;;;COLISÃO LATERAL;2;1;0;0;0;0;0;0;0;1;0;;;;;;;;;;;;;
2021-11-29;20:26:00;COM VITIMA;FINALIZADA;TAMARINEIRA;RUA PADRE ROMA;191;;EM FRENTE A POLICLINICA ALBERT SABIN;TAMARINEIRA;;SUBURBIO;COLISÃO TRANSVERSAL;0;2;0;0;0;0;0;0;0;1;0;Longo da via;Bom;Não existe;Perfeito estado;Seca;Perfeito estado;Não existe;Outras;;Dupla;Faixa seccionada;;
2021-11-30;06:52:00;OUTROS;FINALIZADA;GRAÇAS;AV DR MALAQUIAS;145;;;GRAÇAS;;;OUTROS;0;0;0;0;0;0;1;0;0;0;0;;;;;;;;;;;;;
2021-11-30;10:02:00;COM VITIMA;FINALIZADA;BOA VISTA;RUA JOAO FERNANDES VIEIRA;;RUA JOAO FERNANDES VIEIRA;EM FRENTE AO AMERICANO BATISTA;BOA VISTA;37;CIDADE;COLISÃO FRONTAL;0;2;0;0;0;0;0;0;0;2;0;Longo da via;Bom;Sem defeito;Perfeito estado;Seca;Perfeito estado;Faixa de pedestre;Não há placas;40 km/h;Única;Faixa seccionada;;
2021-11-30;13:20:00;COM VITIMA;FINALIZADA;BOA VISTA;AV GOVERNADOR AGAMENON MAGALHAES;;;EM FRENTE AO CÍRCULO MILITAR;BOA VISTA;;CIDADE;COLISÃO TRANSVERSAL;1;1;0;0;0;0;0;0;0;1;0;Longo da via;Bom;Não existe;Perfeito estado;Seca;Perfeito estado;Não existe;Não há placas;60 km/h;Única;Canteiro central;;
2021-11-30;14:15:00;COM VITIMA;FINALIZADA;IPUTINGA;RUA DR JOSE ANASTACIO DA SILVA GUIMARAES;330;;EM FRENTE AO N° 330;IPUTINGA;;CIDADE;COLISÃO FRONTAL;1;1;0;0;0;0;0;0;0;1;0;Longo da via;Bom;Não existe;Não existente;Seca;Perfeito estado;Não existe;Não há placas;;Dupla;Não existe;;
2021-11-30;15:49:00;COM VITIMA;FINALIZADA;CAMPO GRANDE;EST DE BELEM;1533;RUA TENENTE GUIMARAES;MERCADINHO TRÊS CORAÇÕES;CAMPO GRANDE;;CIDADE;COLISÃO FRONTAL;1;1;0;0;0;0;0;0;0;1;0;Longo da via;Bom;Não existe;Perfeito estado;Seca;Perfeito estado;Não existe;R-6a;;Dupla;Faixa contínua;;
2021-11-30;15:57:00;COM VITIMA;FINALIZADA;CASA AMARELA;AV NORTE MIGUEL ARRAES DE ALENCAR;5795;;LADO OPOSTO A AGÊNCIA DE EMPREGO DO RECIFE;CASA AMARELA;;CIDADE;ATROPELAMENTO DE PESSOA;0;1;0;0;1;0;0;0;0;1;0;Longo da via;Bom;Não existe;Perfeito estado;Seca;Perfeito estado;Não existe;R-6a;;Dupla;Canteiro central;;
2021-11-30;16:04:00;SEM ViTIMA;FINALIZADA;MADALENA;TUNEL CHICO SCIENCE;;;SOB O TUNEL CHICO SCIENCE;MADALENA;;;COLISÃO TRASEIRA;2;0;0;0;0;0;0;0;0;0;0;Longo da via;Bom;Não existe;Não existente;Seca;Perfeito estado;Não existe;Não há placas;;Única;Faixa contínua;;
2021-11-30;18:05:00;SEM ViTIMA;CANCELADA;ESTÂNCIA;AV RECIFE;;AV JOAO CABRAL DE MELO NETO;SEMÁFORO 259 / PRÓX A CERPE;ESTÂNCIA;;;CHOQUE;0;0;0;0;0;0;0;0;0;0;0;;;;;;;;;;;;;
2021-11-30;19:06:00;COM VITIMA;FINALIZADA;VÁRZEA;AV PROFESSOR ARTUR DE SA;1180;;E/F A GALERIA PRAZERES CENTER;VÁRZEA;;SUBURBIO;COLISÃO TRANSVERSAL;0;0;0;0;0;0;0;0;0;2;0;Longo da via;Bom;Não existe;Perfeito estado;Seca;Perfeito estado;Faixa de pedestre;Não há placas;;Dupla;;;
2021-12-01;06:31:00;COM VITIMA;FINALIZADA;DOIS IRMÃOS;RUA MANUEL DE MEDEIROS;22;;EM FRENTE A RESIDÊNCIA ESTUDANTIL;DOIS IRMÃOS;;SUBURBIO;COLISÃO FRONTAL;0;2;0;0;0;0;0;0;0;2;0;Longo da via;Bom;Não existe;Perfeito estado;Seca;Perfeito estado;Outros;Outras;;Dupla;Faixa seccionada;;
2021-12-01;07:55:00;COM VITIMA;FINALIZADA;ZUMBI;RUA CONS THEODORO;530;;EM FRENTE A IGREJA ASSEMBLEIA DE DEUS;ZUMBI;;CAXANGÁ;COLISÃO FRONTAL;2;0;0;0;0;0;0;0;0;1;0;Longo da via;Bom;Não existe;Perfeito estado;Seca;Perfeito estado;Não existe;Não há placas;;Dupla;Faixa seccionada;;
2021-12-01;08:50:00;COM VITIMA;FINALIZADA;BEBERIBE;AV BEBERIBE;3878;RUA CORTES;EM FRENTE AO COLEGIO 90 GRAUS;BEBERIBE;559;SUBURBIO;COLISÃO TRANSVERSAL;1;1;0;0;0;0;0;0;0;1;0;Esquina;Bom;Sem defeito;Perfeito estado;Seca;Mal conservada;Faixa de retenção;Outras;;Dupla;Faixa contínua;Faixa seccionada;
2021-12-01;09:16:00;COM VITIMA;FINALIZADA;AFOGADOS;RUA COSME VIANA;;RUA PADRE TEOFILO TWORZ;EM FRENTE A LOJA DA TUPAN;AFOGADOS;503;SUBURBIO;COLISÃO TRANSVERSAL;1;1;0;0;0;0;0;0;0;1;0;Cruzamento;Bom;Sem defeito;Incompleta;Seca;Perfeito estado;Faixa de pedestre;R-32;;Única;Faixa contínua;;
2021-11-04;10:00:00;COM VITIMA;FINALIZADA;MADALENA;RUA BENFICA;715;;EM FRENTE AO SUPERMERCADO EXTRA;MADALENA;;CIDADE;COLISÃO LATERAL;0;2;0;0;0;0;0;0;0;2;0;Longo da via;Bom;Sem defeito;Perfeito estado;Seca;Perfeito estado;;Não há placas;60 km/h;Única;Faixa seccionada;;
2021-12-01;18:19:00;COM VITIMA;FINALIZADA;CASA AMARELA;EST DO ARRAIAL;3456;RUA DA HARMONIA;EM FRENTE AO PRÉDIO DA PREVIDÊNCIA SOCIAL;CASA AMARELA;74;;ATROPELAMENTO DE PESSOA;0;1;0;0;1;0;0;0;0;2;0;Cruzamento;Bom;Sem defeito;Perfeito estado;Seca;Perfeito estado;Faixa de pedestre;Não há placas;60 km/h;Dupla;Faixa contínua;;
2021-12-01;22:43:40;SEM ViTIMA;FINALIZADA;PRADO;RUA CARLOS GOMES;;;SOBRE A PONTE ( CANAL);PRADO;;CIDADE;COLISÃO TRANSVERSAL;1;1;0;0;0;0;0;0;0;0;0;Cruzamento;Bom;Não existe;Perfeito estado;Molhada;Perfeito estado;Não existe;Outras;;Única;Faixa seccionada;;
2021-12-01;23:14:40;COM VITIMA;FINALIZADA;PARNAMIRIM;RUA JOAO TUDE DE MELO;306;RUA ABELARDO CARNEIRO LEAO;PROX AO GUAIAMUM GIGANTE;PARNAMIRIM;;SUBURBIO;CHOQUE;0;0;0;0;0;0;0;1;0;2;0;Viaduto;Bom;Não existe;Perfeito estado;Seca;Perfeito estado;Não existe;Não há placas;60 km/h;Única;Faixa seccionada;;
2021-12-02;14:40:00;SEM ViTIMA;FINALIZADA;AFOGADOS;RUA IMPERIAL;;RUA DA PAZ;PONTE SOBRE BRAÇO DO RIO CAPIBARIBE;AFOGADOS;;SUBURBIO;;1;1;0;0;0;0;0;1;0;0;0;Longo da via;Bom;Não existe;Perfeito estado;Seca;Perfeito estado;Não existe;Não há placas;40 km/h;Única;Não existe;;
2021-12-02;16:18:00;COM VITIMA;FINALIZADA;IMBIRIBEIRA;RUA ITAJAI;301;RUA ITACARI;;IMBIRIBEIRA;;SUBURBIO;COLISÃO FRONTAL;1;1;0;0;0;0;0;0;0;1;0;Longo da via;Bom;Não existe;Perfeito estado;Seca;Perfeito estado;Não existe;Não há placas;60 km/h;Dupla;Faixa contínua;;
2021-12-02;16:27:00;COM VITIMA;FINALIZADA;ESPINHEIRO;RUA CONS PORTELA;665;RUA CARNEIRO VILELA;LADO OPOSTO AO ESTACIONAMENTO DO BANCO ITAU;ESPINHEIRO;;SUBURBIO;COLISÃO FRONTAL;1;1;0;0;0;0;0;0;0;1;0;Longo da via;Bom;Não existe;Perfeito estado;Seca;Perfeito estado;Não existe;Não há placas;60 km/h;Única;Faixa seccionada;;
2021-12-02;19:20:00;COM VITIMA;FINALIZADA;SANTO AMARO;RUA DOS PALMARES;;RUA MAJOR CODECEIRA;E/F AO POSTO DE SAÚDE JULIÃO - PRÓXIMO AO PROCAP;SANTO AMARO;;SUBURBIO;COLISÃO LATERAL;1;1;0;0;0;0;0;0;0;2;0;Cruzamento;Bom;Não existe;Perfeito estado;Seca;Perfeito estado;Não existe;Outras;;Única;;;
2021-12-02;20:37:40;SEM ViTIMA;FINALIZADA;IPSEP;AV RECIFE;;RUA PINTOR ANTONIO ALBUQUERQUE;POSTO SHELL;IPSEP;55;SUBURBIO;;1;2;0;0;0;0;0;0;0;0;0;Cruzamento;Bom;Sem defeito;Perfeito estado;Seca;Perfeito estado;Faixa de pedestre;Outras;;Dupla;Canteiro central;;
2021-12-03;10:27:00;SEM ViTIMA;FINALIZADA;BOA VIAGEM;RUA WALDEMAR NERY CARNEIRO MONTEIRO;500;RUA SIDERAL;EM FRENTE AO CAPS;BOA VIAGEM;;;;2;0;0;0;0;0;0;0;0;0;0;;;;;;;;;;;;;
2021-12-03;10:36:00;COM VITIMA;FINALIZADA;CASA AMARELA;RUA PADRE LEMOS;;;EM FRENTE A CASA PIO AO LADO DO SUPERMERCADO CANELA;CASA AMARELA;;SUBURBIO;COLISÃO LATERAL;0;1;0;0;0;1;0;0;0;2;0;Longo da via;Bom;Não existe;Perfeito estado;Seca;Mal conservada;Não existe;Outras;30 km/h;Dupla;Não existe;;
2021-12-03;12:36:00;COM VITIMA;FINALIZADA;CASA AMARELA;RUA DA HARMONIA;268;RUA MAJOR NEREU GUERRA;PRÓX À ESCOLA PADRE MACHADO;CASA AMARELA;598;CIDADE;COLISÃO LATERAL;1;1;0;0;0;0;0;0;0;1;0;Cruzamento;Bom;Sem defeito;Perfeito estado;Seca;Perfeito estado;Faixa de retenção;Não há placas;40 km/h;Dupla;Faixa seccionada;;
2021-12-03;13:06:00;COM VITIMA;FINALIZADA;DERBY;RUA JENER DE SOUZA;;PRC DO DERBY;PRÓX À PRAÇA JENER DE SOUZA;DERBY;;SUBURBIO;COLISÃO LATERAL;2;0;0;0;0;0;0;0;0;1;0;Esquina;Bom;Não existe;Perfeito estado;Seca;Perfeito estado;Outros;Outras;;Dupla;Canteiro central;;
2021-12-03;14:10:00;SEM ViTIMA;FINALIZADA;PINA;AV HERCULANO BANDEIRA;693;;EM FRENTE A FARMACIA DIARIAMENTE;PINA;;SUBURBIO;;1;0;0;0;0;1;0;0;0;0;0;Longo da via;Bom;Não existe;Perfeito estado;Seca;Perfeito estado;Não existe;Outras;;Única;Não existe;;
2021-12-03;16:04:00;COM VITIMA;FINALIZADA;BOA VISTA;AV GOVERNADOR AGAMENON MAGALHAES;2764;RUA DR LEOPOLDO LINS;PROX A CAIXA ECONOMICA NO SEMAFORO 078  S/T OLINDA;BOA VISTA;78;OLINDA;COLISÃO TRASEIRA;1;1;0;0;0;1;0;0;0;1;0;Longo da via;Bom;Sem defeito;Perfeito estado;Seca;Perfeito estado;Faixa de pedestre;Outras;;Dupla;Faixa contínua;;
2021-12-03;17:09:00;COM VITIMA;FINALIZADA;TORRE;AV BEIRA RIO;1035;;PROX AO RESTAURANTE MEIO DO MUNDO;TORRE;;SUBURBIO;COLISÃO TRASEIRA;1;1;0;0;0;0;0;1;0;2;0;Longo da via;Bom;Sem defeito;Perfeito estado;Seca;Perfeito estado;Faixa de pedestre;R-6a;;Dupla;Faixa seccionada;;
2021-12-03;17:28:00;COM VITIMA;FINALIZADA;BOA VIAGEM;AV BOA VIAGEM;2366;;APOS A PADARIA BOA VIAGEM  EDF. ALVARO COSTA;BOA VIAGEM;;CIDADE;COLISÃO LATERAL;1;1;0;0;0;0;0;0;0;1;0;Longo da via;Bom;Sem defeito;Perfeito estado;Seca;Perfeito estado;Não existe;Não há placas;60 km/h;Única;Faixa seccionada;;
2021-12-03;20:09:00;SEM ViTIMA;FINALIZADA;CASA AMARELA;AV NORTE MIGUEL ARRAES DE ALENCAR;;;LADO OPOSTO A POLICLÍNICA E MATERNIDADE PROFESSOR BARROS LIMA;CASA AMARELA;256;SUBURBIO;COLISÃO TRASEIRA;2;0;0;0;0;0;0;0;0;0;0;Longo da via;Bom;Sem defeito;Perfeito estado;Seca;Perfeito estado;Faixa de pedestre;Não há placas;;Dupla;Canteiro central;;
2021-12-04;00:30:00;SEM ViTIMA;FINALIZADA;CASA AMARELA;EST DO ENCANAMENTO;270;;;CASA AMARELA;;CIDADE;CHOQUE;1;0;0;0;0;0;0;0;0;0;0;Longo da via;Chuvoso;Sem defeito;Perfeito estado;Molhada;Perfeito estado;Faixa de pedestre;"Placas ""Pare""";;Única;Faixa seccionada;;
2021-12-04;01:03:00;COM VITIMA;FINALIZADA;ARRUDA;RUA DA REGENERACAO;1258;AV PROFESSOR JOSE DOS ANJOS;;ARRUDA;;CIDADE;COLISÃO COM CICLISTA;1;0;0;1;0;0;0;0;0;1;0;Longo da via;Bom;Não existe;Não existente;Seca;Perfeito estado;Não existe;Não há placas;;Dupla;Não existe;;
2021-12-04;04:27:00;COM VITIMA;FINALIZADA;CORDEIRO;AV CAXANGA;;;EM FRENTE AO PARQUE DE EXPOSIÇÕES DO CORDEIRO;CORDEIRO;;;CHOQUE;1;0;0;0;0;0;0;0;0;2;0;Longo da via;Bom;Não existe;Perfeito estado;Molhada;Perfeito estado;Não existe;"Placas ""Dê a preferência""";60 km/h;Dupla;Canteiro central;;
2021-12-04;08:39:00;COM VITIMA;CANCELADA;MANGABEIRA;AV NORTE MIGUEL ARRAES DE ALENCAR;;;AÓS A ENTRADA DA MANGABEIRA;MANGABEIRA;;;COLISÃO LATERAL;1;1;0;0;0;0;0;0;0;1;0;;;;;;;;;;;;;
2021-12-04;09:05:00;VITIMA FATAL;DUPLICIDADE;DOIS IRMÃOS;RUA MANUEL DE MEDEIROS;;;EM FRENTE À UFRPE;DOIS IRMÃOS;;;COLISÃO LATERAL;0;0;0;0;0;0;0;0;0;1;1;;;;;;;;;;;;;
2021-12-04;09:20:00;VITIMA FATAL;FINALIZADA;DOIS IRMÃOS;RUA MANUEL DE MEDEIROS;44;;EM FRENTE AO BAR DA CURVA;DOIS IRMÃOS;;SUBURBIO;COLISÃO TRANSVERSAL;0;1;0;0;0;0;1;0;0;0;1;Longo da via;Bom;Não existe;Perfeito estado;Seca;Mal conservada;Não existe;R-6a;30 km/h;Dupla;Faixa contínua;;
2021-12-04;15:14:00;COM VITIMA;CANCELADA;TAMARINEIRA;RUA CONEGO BARATA;;;APOS A FERREIRA COSTA  E/F A FARMACIA VT 12 NO LOCAL;TAMARINEIRA;;;COLISÃO FRONTAL;1;1;0;0;0;0;0;0;0;1;0;;;;;;;;;;;;;
2021-12-04;15:14:00;COM VITIMA;FINALIZADA;BONGI;AV CONSUL VILARES FRAGOSO;36;;PROX A CHESF DEPOIS DA CAVALARIA;BONGI;;SUBURBIO;COLISÃO TRASEIRA;0;2;0;0;0;0;0;0;0;2;0;Longo da via;Bom;Não existe;Ilegível;Seca;Mal conservada;Não existe;"Placas ""Dê a preferência""";;Dupla;Faixa contínua;;
2021-12-04;20:41:40;SEM ViTIMA;CANCELADA;ESTÂNCIA;RUA DES CAPISTRANO DE MORAES E SILVA;;;;ESTÂNCIA;;;CHOQUE;0;0;0;0;0;0;0;0;0;0;0;;;;;;;;;;;;;
2021-12-04;21:22:40;SEM ViTIMA;FINALIZADA;BOA VIAGEM;RUA DOS NAVEGANTES;2537;;E/F AO EDF TENERIFE;BOA VIAGEM;;;COLISÃO TRASEIRA;0;0;0;0;0;0;0;0;0;0;0;;;;;;;;;;;;;
2021-12-04;22:28:40;SEM ViTIMA;FINALIZADA;CAMPO GRANDE;EST DE BELEM;;;SEMÁFORO 504;CAMPO GRANDE;504;SUBURBIO;COLISÃO TRASEIRA;2;0;0;0;0;0;0;0;0;0;0;Longo da via;Chuvoso;Sem defeito;Perfeito estado;Molhada;Perfeito estado;Não existe;Outras;;Dupla;Faixa contínua;;
2021-12-04;23:13:40;COM VITIMA;FINALIZADA;BOA VIAGEM;AV ENGENHEIRO DOMINGOS FERREIRA;2574;;RUA PROFº EDUARDO WNDWERLEY FILHO;BOA VIAGEM;;SUBURBIO;COLISÃO TRASEIRA;1;1;0;0;0;0;0;0;0;1;0;Longo da via;Chuvoso;Sem defeito;Perfeito estado;Molhada;Perfeito estado;Faixa de pedestre;"Placas ""Pare""";;Única;Faixa contínua;;
2021-12-05;07:58:00;COM VITIMA;FINALIZADA;BOA VIAGEM;RUA CORONEL ANIZIO RODRIGUES COELHO;254;RUA RIBEIRO DE BRITO;PRÓX. AO COLÉGIO VILA APRENDIZ;BOA VIAGEM;697;CIDADE;COLISÃO TRANSVERSAL;1;1;0;0;0;0;0;0;0;2;0;Cruzamento;Bom;Sem defeito;Perfeito estado;Seca;Perfeito estado;Faixa de pedestre;R-6a;;Única;;;
2021-12-05;08:27:00;COM VITIMA;FINALIZADA;DOIS IRMÃOS;RUA MANUEL DE MEDEIROS;;;ESCOLA ESTADUAL LIONS DE PARNAMIRIM;DOIS IRMÃOS;;;COLISÃO LATERAL;1;1;0;0;0;0;0;0;0;1;0;Longo da via;Bom;Não existe;Perfeito estado;Seca;Perfeito estado;Não existe;Outras;;Dupla;Faixa seccionada;;
2021-12-05;14:12:00;COM VITIMA;FINALIZADA;SANTO AMARO;RUA PEDRO AFONSO;;RUA DO POMBAL;NO CRUZAMENTO DO IML;SANTO AMARO;;CIDADE;COLISÃO TRANSVERSAL;1;1;0;0;0;0;0;0;0;1;0;Cruzamento;Bom;Não existe;Perfeito estado;Seca;Perfeito estado;Não existe;"Placas ""Pare""";40 km/h;Dupla;Faixa seccionada;;
2021-12-05;14:36:00;COM VITIMA;CANCELADA;JORDÃO;AV MARIA IRENE;;;PRÓX À ESCOLA ROBERTO SILVEIRA;JORDÃO;;;COLISÃO TRASEIRA;1;1;0;0;0;0;0;0;0;1;0;;;;;;;;;;;;;
2021-12-05;15:17:00;COM VITIMA;FINALIZADA;PINA;RUA CAPITAO REBELINHO;519;RUA PEREIRA DA COSTA;PRÓX AO FIDALGO RESTAURANTE - COLISÃO COM VITIMA ENTRE MOTO  HONDA x AUTO JAC / J3;PINA;;;COLISÃO TRANSVERSAL;1;1;0;0;0;0;0;0;0;1;0;Cruzamento;Bom;Não existe;Perfeito estado;Seca;Perfeito estado;Faixa de pedestre;R-6a;;Única;Não existe;;
2021-12-05;19:02:00;SEM ViTIMA;FINALIZADA;IMBIRIBEIRA;RUA SARGENTO SILVINO DE MACEDO;492;RUA JOAQUIM BANDEIRA;AO HOTEL PRAIA SUL;IMBIRIBEIRA;;SUBURBIO;COLISÃO FRONTAL;1;1;0;0;0;0;0;0;0;0;0;Cruzamento;Bom;Não existe;Não existente;Seca;Perfeito estado;Não existe;Não há placas;;Dupla;Não existe;;
2021-12-05;19:31:00;COM VITIMA;FINALIZADA;SÃO JOSÉ;RUA DA CONCORDIA;351;RUA TOBIAS BARRETO;ED. CONCORDIA;SÃO JOSÉ;;CIDADE;COLISÃO TRANSVERSAL;1;0;0;0;0;0;1;0;0;2;0;Cruzamento;Bom;Não existe;Perfeito estado;Seca;Perfeito estado;Não existe;Não há placas;;Única;Não existe;;
2021-12-06;01:35:00;COM VITIMA;CANCELADA;IPSEP;RUA JEAN EMILE FAVRE;;;PROXIMO A DROGASIL;IPSEP;;;COLISÃO LATERAL;1;1;0;0;0;0;0;0;0;1;0;;;;;;;;;;;;;
2021-12-06;09:14:00;COM VITIMA;FINALIZADA;BOA VIAGEM;RUA DES JOAO PAES;1000;RUA CORONEL ANIZIO RODRIGUES COELHO;PROX. AO BODE DO NÔ;BOA VIAGEM;;SUBURBIO;COLISÃO LATERAL;2;0;0;0;0;0;0;0;0;1;0;Cruzamento;Bom;Não existe;Perfeito estado;Seca;Perfeito estado;Faixa de pedestre;"Placas ""Pare""";;;;;
2021-12-06;09:05:00;COM VITIMA;FINALIZADA;PINA;AV ANTONIO DE GOES;;;EM FRENTE AO EMPRESARIAL ITC;PINA;;;ATROPELAMENTO DE PESSOA;0;1;0;0;1;0;0;0;0;1;0;Cruzamento;Bom;Não existe;Perfeito estado;Seca;Perfeito estado;Agente;Não há placas;60 km/h;Única;Faixa contínua;;
2021-12-06;13:55:00;SEM ViTIMA;FINALIZADA;BOA VIAGEM;AV BOA VIAGEM;4988;;EM FRENTE AO EDF MARIA ANGELA LUCENA;BOA VIAGEM;;CIDADE;COLISÃO TRASEIRA;1;1;0;0;0;0;0;0;0;0;0;Longo da via;Bom;Não existe;Perfeito estado;Seca;Perfeito estado;Não existe;Não há placas;60 km/h;Única;Faixa contínua;;
2021-12-06;15:07:00;COM VITIMA;FINALIZADA;SANTO AMARO;AV GOVERNADOR AGAMENON MAGALHAES;;;EMBAIXO DO VIADUTO DA AV NORTE.;SANTO AMARO;684;SUBURBIO;COLISÃO TRASEIRA;0;0;0;0;0;2;0;0;0;6;0;Longo da via;Bom;Sem defeito;Perfeito estado;Seca;Perfeito estado;Faixa de pedestre;R-32;60 km/h;Dupla;Canteiro central;;
2021-12-06;20:26:00;COM VITIMA;CANCELADA;JORDÃO;AV MARIA IRENE;1220;;PRÓX A ASSEMBLEIA DE DEUS NOVA DE PAZ E DELEGACIA;JORDÃO;;;COLISÃO LATERAL;0;0;0;0;0;0;0;0;0;1;0;;;;;;;;;;;;;
2021-12-07;08:18:00;COM VITIMA;FINALIZADA;IBURA;AV RIO LARGO;375;;NA CURVA , PROX. AO COLETOR DE LIXO E COLEGIO CRISTIANO CORDEIRO;IBURA;;;COLISÃO FRONTAL;1;1;0;0;0;0;0;0;0;1;0;Longo da via;Bom;Não existe;Perfeito estado;Seca;Perfeito estado;;;;;;;
2021-12-07;09:06:00;COM VITIMA;FINALIZADA;SANTO AMARO;AV CRUZ CABUGA;98;;EM FRENTE A FACULDADE NUCLEO DE ATENDIMENTO PROFISSIONAL EM, FRENTE À IGREJA UNIVERSAL;SANTO AMARO;;CIDADE;COLISÃO LATERAL;0;2;0;0;0;0;0;0;0;1;0;Longo da via;Bom;Não existe;Perfeito estado;Seca;Perfeito estado;Não existe;Não há placas;;Dupla;Faixa contínua;Faixa seccionada;
2021-12-07;10:02:00;COM VITIMA;FINALIZADA;CIDADE UNIVERSITÁRIA;AV PROFESSOR ARTUR DE SA;1192;;PROX. AO BAR DA KELLY;CIDADE UNIVERSITÁRIA;;SUBURBIO;COLISÃO TRASEIRA;1;1;0;0;0;0;0;0;0;1;0;Longo da via;Bom;Não existe;Perfeito estado;Seca;Perfeito estado;Não existe;Outras;;Dupla;Faixa seccionada;;